Timestamp,Open,High,Low,Close,Volume
1700000000,30001.158559563308,30006.907419416442,30000.066106030717,30003.656604957054,212.1214378654774
1700000060,29989.80141131193,29995.043295722215,29989.98460974816,29991.176795682168,189.10914222085898
1700000120,29996.249955089093,30001.81400009581,29997.9246247307,30000.182210031846,136.89586774454443
1700000180,30014.56465229402,30016.0611052966,30009.630221125568,30011.46898662854,224.293880075512
1700000240,29988.58728458132,29991.722587420034,29987.492362648103,29988.05656436469,132.0192467876884
1700000300,29973.35545305023,29976.45395322525,29970.702500519787,29972.430410282344,163.8354944258976
1700000360,29977.91186047317,29977.569305939487,29972.213870328887,29973.96449512035,131.0449282061351
1700000420,29968.04892960267,29971.961862239394,29967.55905581708,29970.16958401223,178.52044312436053
1700000480,29970.508763233785,29971.383132562492,29965.10621245748,29969.96797012218,127.66429035664707
1700000540,29958.252180581323,29961.84402833919,29957.38135537874,29959.731442991295,286.8675593512916
1700000600,29965.56467482099,29970.769370492315,29965.712087911485,29970.28421868965,332.6015060599228
1700000660,29980.32420929845,29981.874124422626,29977.309933621986,29979.617721914798,210.51887186609383
1700000720,29981.252396250846,29980.62579520101,29979.872373781156,29980.41009028553,274.9305883386716
1700000780,29993.6996564297,29993.956714569285,29992.786220292768,29993.93698476915,80.18321531790856
1700000840,29997.572602170207,30004.204591573547,29997.509508495885,29999.547096876173,84.05311350797973
1700000900,29990.369013372194,29992.682271624515,29987.608743456723,29989.235587321575,130.50033232973516
1700000960,29994.922519924825,29996.469831465893,29989.3314502929,29993.660596730562,150.88114174623271
1700001020,29980.039626980135,29983.859515717733,29978.760777509633,29982.154005520617,137.1008837757532
1700001080,29991.938130488626,29995.54809920973,29989.80386687671,29992.695409136304,76.9492335711924
1700001140,29996.18575473048,29996.55417708616,29989.640150448286,29992.09629820447,235.24715444825873
1700001200,29992.328733440863,29993.139850511645,29987.89159675048,29989.877949841924,351.313607542676
1700001260,29978.704323581424,29984.719205298843,29978.645833109917,29981.706795309077,247.7437811712567
1700001320,29995.573434807007,29998.678313888024,29995.754255545944,29996.377291373166,229.11161980109674
1700001380,29996.047329450415,29996.251422741592,29993.710271647255,29994.52293758834,162.46260335063906
1700001440,29989.723823036853,29992.87573929199,29987.867421955398,29989.38300372238,105.9323890769019
1700001500,29985.130927770922,29990.062305821604,29984.30147803422,29985.157401116525,152.78187048800257
1700001560,29990.073644622604,29993.668899810767,29988.15961774804,29991.545111343163,344.54862074615824
1700001620,29998.64696690525,29997.891466135603,29995.8065985085,29995.93044011553,128.92163704299196
1700001680,30002.565129732026,30003.02379881651,30000.082343996353,30000.883231454685,123.71952405670122
1700001740,30005.507171981055,30008.18080333103,30001.540042943285,30006.05308349078,231.11639628570182
1700001800,30031.952523862215,30036.70597856807,30026.765138960116,30031.752854701226,237.33542129542207
1700001860,30025.732156139336,30030.409765792156,30024.43792211547,30026.87587450461,105.72477737843496
1700001920,30023.18797655047,30022.524884001803,30018.25211139064,30020.72896175575,133.67428803149983
1700001980,30010.249431664233,30012.82120088591,30007.096695205586,30010.963689016775,121.41783776426004
1700002040,30016.172274848926,30020.509426711404,30018.17449419958,30018.355442087683,152.60848979747786
1700002100,30030.929472506035,30032.086670538236,30029.76800219083,30031.903109600335,230.7822599505418
1700002160,30030.257516628953,30033.174822118584,30030.0366006994,30030.535740108477,107.59659384906125
1700002220,30020.645629590057,30024.51076714254,30018.449230471644,30020.453862384926,229.49148465094345
1700002280,30012.22979010217,30013.862926762664,30005.640978590985,30010.560087796628,154.57207610610453
1700002340,30018.511198435408,30019.359305484333,30014.59903484651,30018.367201250527,376.3339275807543
1700002400,30024.766839599204,30030.926422511857,30022.36102192654,30027.286251304966,168.60055776017077
1700002460,30034.042159537832,30037.40139555629,30030.073859396278,30033.80410252463,142.76966139952629
1700002520,30027.59759401586,30027.13068211541,30022.77743567813,30025.817986037164,186.77148996751814
1700002580,30029.588416091497,30031.71829519825,30024.83281774933,30028.603921913967,129.68928897619548
1700002640,30029.602451029103,30033.058896789265,30026.708693258803,30030.004151623656,72.37715787586535
1700002700,30033.375442778764,30036.82735290368,30030.308084634893,30032.6284147844,134.79990992847024
1700002760,30042.114953553653,30043.765921678947,30041.622828449756,30043.08556011978,133.95213791018858
1700002820,30044.723019183577,30046.742899227633,30043.167816408404,30045.768706705076,78.49798971859018
1700002880,30052.137703101133,30056.345516980782,30052.623202092433,30053.91566946194,144.1401260628679
1700002940,30051.87949935128,30054.94734404027,30052.293236563597,30054.72661829581,64.92001087474044
1700003000,30056.20433363134,30060.274022068093,30057.46537405048,30058.196051080085,129.14363905368916
1700003060,30067.639987918446,30069.712605000146,30062.9445342953,30065.77150979015,163.602285941383
1700003120,30050.092708845033,30049.029211921803,30047.05922149782,30048.285639951882,154.28452625824954
1700003180,30044.601128308514,30046.749329040274,30042.981544835886,30044.449585355593,125.91061001423247
1700003240,30039.707464218558,30043.753959670994,30036.30997279517,30038.80511350408,143.42149885674098
1700003300,30033.415232779083,30033.668179392287,30030.325948060054,30031.13857932516,108.45921731164114
1700003360,30028.720255898785,30030.32849143105,30023.02497289226,30027.83687231044,149.0566757479717
1700003420,30046.72519391249,30048.570135963873,30043.541446468287,30045.776168045253,151.9018460572312
1700003480,30036.729890136456,30036.3162165086,30033.6247985088,30035.386194656934,103.53399458140515
1700003540,30047.63711388434,30047.74135432546,30046.859551886566,30047.00553491203,165.1872502101153
1700003600,30024.454195952003,30030.197870798216,30022.59482583708,30026.81109765264,164.77502555551663
1700003660,30022.394001210316,30024.77131134234,30019.66330771628,30022.792477292813,138.86691585046032
1700003720,30019.80189592196,30026.195047215147,30022.663488299866,30024.74551407407,390.88711681901833
1700003780,30031.439165678345,30031.937140149985,30030.552518053693,30031.780182050385,140.29102925477173
1700003840,30040.895032555774,30044.545153493793,30036.58921391452,30040.3149010079,132.72858141756998
1700003900,30049.826802064985,30049.996712159522,30045.10769495159,30049.835067830296,125.34159327209055
1700003960,30045.13738300643,30049.400282583734,30043.746318435056,30045.650366963317,100.64749975256319
1700004020,30039.231637536996,30042.01208824633,30039.42776510944,30040.10214545134,195.26526040256206
1700004080,30046.244433374708,30053.39129507895,30049.851882290062,30050.397856026426,112.78701450404809
1700004140,30049.792845057804,30049.3405941313,30048.07039426618,30048.10220412785,118.25233118324051
1700004200,30031.075876131436,30033.57096657895,30029.074191043932,30032.79396824779,119.66586207431048
1700004260,30018.779020484522,30021.861461683926,30014.28754475024,30019.19452167975,100.08527710751727
1700004320,30011.303289732874,30011.6391827225,30003.197005483962,30008.16109424773,73.66786406415643
1700004380,30012.585625612188,30015.104489651105,30010.206036904663,30014.127023176377,123.32511173453804
1700004440,30013.300884887616,30018.017926746386,30015.025213117744,30015.836132009223,210.4681057645986
1700004500,30025.83630906559,30026.345231109495,30019.23340897847,30024.121956258037,160.57994563236795
1700004560,30019.012792237783,30020.0748202474,30017.35585728699,30018.994924502,277.05889698353457
1700004620,30024.348109318933,30023.722648026178,30019.229302747455,30020.89740079492,200.41345786996837
1700004680,30030.922098441893,30029.134163956434,30024.967800758062,30028.404485522526,183.01825905292932
1700004740,30022.596267890647,30027.241072912475,30024.44708111051,30024.692327045883,315.15343297978285
1700004800,30031.10646290859,30030.740787453404,30026.044781247034,30030.173629896573,142.75669705387529
1700004860,30024.448124553648,30024.65823064805,30017.244032221333,30022.230518603774,152.20530030119127
1700004920,30017.414951716073,30019.43186771937,30013.99852355454,30017.87387244499,147.7341288160946
1700004980,30014.337842579876,30015.55424917742,30009.384635260976,30013.293017717013,275.20456461905167
1700005040,29999.884585285494,30001.11168876716,29996.99137361711,29998.942941969945,148.56255667114095
1700005100,30003.307959688023,30009.326277353466,30004.457004794294,30004.78661173937,114.51307978144226
1700005160,30001.477250374806,30001.60346165672,29995.190446485765,29999.153783656937,187.74228824093652
1700005220,30001.114443507035,30003.396207601054,29996.317922647147,29999.30371308167,107.07141862340654
1700005280,30004.764513004244,30006.2009349531,30000.525979542934,30005.072672988543,183.71554403346187
1700005340,30008.492227519404,30012.19146107407,30009.851232600067,30010.4310471009,175.1313692368692
1700005400,30015.939347805597,30018.791115311742,30016.890053093106,30018.415668408576,137.58459067811592
1700005460,30018.563966035184,30019.33758156857,30015.430561825844,30017.23384259446,186.1075307235775
1700005520,30010.27950891609,30015.497762285304,30008.737864307208,30012.15426284993,81.84965001501959
1700005580,30012.765928905996,30015.3884794896,30007.25891850354,30011.197644319054,158.4097211715945
1700005640,29987.297212417743,29993.779205670555,29986.144529068635,29990.949631111558,123.33371926405857
1700005700,29975.851823493318,29976.784644790445,29972.10724565086,29973.58428144248,466.33554605128126
1700005760,29955.054928472644,29958.598221482313,29955.24370405141,29957.71188609423,157.95813473050183
1700005820,29947.057896376646,29945.930954354175,29945.600119512605,29945.74492416301,116.91453293033292
1700005880,29946.5157219741,29954.50065560958,29949.277275493147,29950.54221488369,85.51393161878846
1700005940,29938.493824761666,29940.51165725658,29937.806448678773,29939.67646621937,250.17545175170918
1700006000,29937.170548629714,29935.59436324856,29932.169484538274,29935.1385155709,129.02251347424894
1700006060,29951.77373210342,29955.417066748865,29948.375027676335,29950.72925514433,108.14351344088954
1700006120,29944.891725081146,29951.27169431189,29944.63171219271,29946.454087491595,169.78275118729215
1700006180,29953.198985477968,29958.38556077121,29952.183884480553,29955.3042743132,192.45984461440372
1700006240,29944.24229333653,29945.994048516517,29939.957783767495,29944.100862153082,191.24994273539167
1700006300,29941.54629489674,29945.801809163488,29940.42720579374,29941.635611458667,149.59029182604758
1700006360,29928.718640734452,29931.25894659642,29928.52096740344,29930.235346799742,158.1708937862857
1700006420,29925.903353034915,29928.313911526082,29922.6423316405,29926.166949888935,162.84760588647225
1700006480,29938.837657257103,29938.035734033427,29932.36094454463,29936.250647538425,169.78934239163644
1700006540,29917.148750509397,29920.086302413823,29911.395818101442,29915.522802460117,175.90675937181356
1700006600,29920.26564629636,29925.334773259478,29919.68923008818,29920.735886182665,229.93142229350758
1700006660,29921.157748577658,29926.84314304227,29920.89237860443,29923.588713410652,151.8003157213778
1700006720,29913.226949093965,29917.012614643652,29911.958858449663,29916.45891394229,107.04814576363212
1700006780,29897.547160848088,29901.517183637923,29897.146467414175,29899.10621968963,140.08975421936609
1700006840,29899.397192260123,29901.198415613315,29897.822358331086,29899.971773782196,200.64001405472072
1700006900,29892.120233501464,29898.042439589353,29888.693746553927,29893.61786127343,72.63078128714473
1700006960,29897.743477510103,29897.10198980477,29895.84471257953,29896.40997580969,72.79877454233056
1700007020,29896.978663476486,29896.943752935273,29893.14419160866,29896.672201555968,214.28575939756374
1700007080,29917.5418096945,29919.41569341957,29911.642627616617,29915.89354825182,272.6118876577233
1700007140,29915.518765943558,29915.287711096986,29912.267313138975,29913.021280722143,89.47148632669992
1700007200,29900.072212787407,29904.931135248695,29897.167044630645,29900.73931081068,154.49839506161888
1700007260,29902.519591816985,29903.263766586002,29900.541927320104,29902.890618430156,126.4923655335859
1700007320,29904.155273668803,29909.535959300858,29901.266124214446,29905.53057863782,133.7092885947323
1700007380,29920.748605878918,29922.027503304922,29917.303567956522,29921.840829540703,167.70599281180458
1700007440,29931.37687594903,29932.002514551248,29927.499739975905,29931.86216449168,88.48666904392768
1700007500,29935.03138387012,29938.45119596013,29935.82269151358,29936.144617201473,95.30792825508456
1700007560,29953.789618088562,29954.81070834451,29949.91997551203,29953.704251896106,131.5648032789038
1700007620,29938.61331245379,29942.407688779265,29934.831457369306,29939.439095244234,140.02903036207246
1700007680,29933.214365656608,29931.891161822292,29928.65533464788,29931.762076851235,94.59626163970738
1700007740,29919.903753703093,29920.820113266185,29917.63878525198,29920.64316555437,203.5392925271049
1700007800,29914.628612545926,29919.60119039736,29915.74042097951,29915.9654479165,125.58409461139549
1700007860,29900.78457700197,29900.496039958285,29895.165049034793,29899.445214145824,125.37045038567977
1700007920,29906.963361309612,29910.3491111259,29906.835007703452,29907.067025507597,166.17866688531197
1700007980,29905.647558161672,29908.149963949916,29902.83280511049,29904.400353142413,140.95443605002063
1700008040,29887.803691001413,29887.047333437004,29882.12136228194,29886.75067760838,207.47082454079575
1700008100,29876.813587344095,29878.41249840621,29869.81500292024,29874.56372863389,102.16927380646074
1700008160,29875.79434495296,29879.6680008931,29873.366392100914,29878.325894803293,84.86360844275808
1700008220,29886.25204326858,29890.33114340902,29886.00140218996,29888.383413618023,131.11633394194982
1700008280,29911.26931660987,29912.7773802798,29911.45703658642,29912.344184318325,152.0325236248783
1700008340,29943.36614200653,29951.50368382724,29944.87081147627,29947.310533910415,90.35059679288186
1700008400,29952.661938502864,29955.087091041354,29951.77188248431,29952.283447109727,85.19123690517732
1700008460,29934.345464839123,29942.93231605858,29936.046309124493,29940.408989669344,159.63965402132902
1700008520,29915.279493131293,29919.66720835508,29912.021748134237,29914.824434300568,109.60552382138208
1700008580,29917.526585145184,29919.709500648398,29916.01444235286,29918.036971848695,83.01284154155496
1700008640,29909.07723453285,29912.735575137354,29907.884025192565,29908.28167870497,218.35813084903526
1700008700,29902.552740462696,29906.89583098814,29901.27118819873,29903.297391582815,115.27056807688598
1700008760,29894.281000138322,29900.594870673354,29891.621271952143,29895.952229994095,235.07970845436293
1700008820,29894.490572143204,29898.80174962091,29890.74570969471,29894.2627393571,150.11299589100338
1700008880,29903.501062432315,29912.00965115168,29906.642224538995,29907.05450212655,166.9849259920537
1700008940,29908.46078636663,29909.597468696084,29908.139548937266,29908.939084935897,136.37386228376505
1700009000,29906.49449611921,29911.015548851887,29905.073924437893,29907.03546689143,51.31253668686374
1700009060,29896.42561724655,29898.63009363226,29894.10074644409,29894.60762185752,94.18730476758036
1700009120,29873.674428371967,29877.73329416196,29869.841220561102,29874.51142652107,141.13490642550383
1700009180,29868.943786053806,29870.07003640338,29865.414271389032,29868.675731612188,171.72453545310117
1700009240,29869.246820461045,29872.85608236051,29867.55622599585,29868.03034100237,72.53943833873667
1700009300,29890.798448781625,29890.267610654777,29885.305212653424,29889.245499965327,145.26495006255658
1700009360,29885.46526746349,29893.306671114795,29888.966764580142,29890.808794223,94.73602740949407
1700009420,29903.12862285564,29905.209103919377,29901.377315132515,29902.60166835528,163.01595281294328
1700009480,29899.524092014373,29897.41926789699,29893.76019646311,29896.61012117281,147.26588371110648
1700009540,29883.787238895267,29886.00344008747,29882.3239353102,29882.390795975803,199.81673889766247
1700009600,29870.91253050797,29871.253730649918,29868.482406528496,29870.809394829015,227.40422757779606
1700009660,29861.013347989356,29865.572170948824,29857.887657089115,29862.10668205459,178.32290140270172
1700009720,29886.53872580036,29891.891396325263,29883.008030863883,29887.64831884381,209.3813929463356
1700009780,29876.438449589565,29879.53866081853,29876.078905171034,29877.791678693116,129.0065282448546
1700009840,29889.143269751225,29891.400653180946,29884.641366197127,29887.85354913795,459.0903191759162
1700009900,29876.337542113903,29877.80229304165,29875.884305809064,29877.018423000907,91.14688821740079
1700009960,29889.94941808362,29892.427044162665,29885.396233800475,29888.1972991554,120.16883218316723
1700010020,29894.0559967147,29897.576869241435,29891.546572117903,29892.81671074867,212.84057964298526
1700010080,29892.772473925776,29891.700524444273,29888.080273433636,29890.937055976774,200.55499971933818
1700010140,29892.824683372342,29893.907203033006,29889.58929507668,29890.447905663146,180.36013601025877
1700010200,29880.462034340282,29885.11960880078,29877.88429053419,29882.590453317996,194.44074490495333
1700010260,29886.566096333823,29890.60081639494,29883.508732353745,29887.94331973578,64.49431872617575
1700010320,29880.530187231732,29886.015966564693,29880.798926724445,29882.48351797169,280.2604859917378
1700010380,29867.697622674434,29870.219951303166,29863.89293436186,29867.776248806484,136.78955042015903
1700010440,29850.887382516918,29855.442629874735,29851.963477260986,29852.440997914648,244.29039789039547
1700010500,29858.034631736602,29855.66655802437,29850.810248383787,29854.512052927315,65.79799510991029
1700010560,29871.73497296815,29875.353680986682,29872.048852356176,29873.46114800424,164.4534253248287
1700010620,29875.02680770711,29879.707249117477,29874.70283852374,29875.38104736712,118.46281197682384
1700010680,29872.7031682535,29874.506900012042,29870.56643136428,29873.9573874538,186.57775342234865
1700010740,29876.627254530933,29880.3751774337,29875.038267039934,29877.38730112903,168.48187563120388
1700010800,29895.033432338587,29893.980757340687,29890.40862402086,29893.059322029512,171.81513787031182
1700010860,29898.687991596664,29899.924610035498,29893.08926312519,29895.69191204588,97.16623987127652
1700010920,29892.18489360824,29893.65600504514,29890.463545365343,29890.760785275874,145.06941495153126
1700010980,29902.906415234047,29906.051493709947,29903.779348551132,29904.036249796594,138.09380226811456
1700011040,29907.801144227782,29910.430450426393,29906.175489538393,29909.181327058133,180.9324969510972
1700011100,29930.34628351685,29929.794622458034,29924.49107575031,29927.610398962086,220.46055680290448
1700011160,29931.771410943682,29934.597273838357,29929.573339426173,29929.809212208747,157.6205194971374
1700011220,29916.562055199982,29917.66163027682,29913.223387168662,29915.1155838281,89.07966526073938
1700011280,29899.412283557685,29901.045121095653,29895.63341703935,29898.697673437153,154.9390050750344
1700011340,29921.232910285635,29922.24017769143,29915.225405345165,29918.50880862393,421.75749453778303
1700011400,29942.036900805608,29941.08803262749,29935.051418476945,29939.19279727333,286.6901829596689
1700011460,29938.68223730675,29939.175686463343,29934.934905295955,29937.038566713938,45.16128417065214
1700011520,29932.267811187856,29934.125057518166,29929.699029954572,29932.440318860306,152.22158593344332
1700011580,29952.33883904672,29950.732249143857,29947.08484848917,29949.97765036721,215.47562844855162
1700011640,29936.924709202634,29940.262148253703,29935.132875766187,29936.69310218269,137.9745427029362
1700011700,29923.839272322937,29930.32153252464,29925.68725094301,29925.95637795522,123.46573052601309
1700011760,29936.279858966318,29938.204262737705,29933.655169860464,29933.67629949149,133.38161614356596
1700011820,29929.353929533994,29933.345052707362,29924.76041093658,29928.941038017172,185.09621929603654
1700011880,29926.830062149034,29931.138494628725,29927.87841650392,29928.879575616535,93.74815739930878
1700011940,29927.754797614965,29928.338591795255,29923.76698751344,29926.918260834238,238.76396281457212
1700012000,29932.116494801543,29934.15877416783,29928.083918026605,29930.969155419825,145.12606860324104
1700012060,29945.53194612698,29952.63246231512,29945.86077237189,29947.85893775559,102.10383547740382
1700012120,29949.558360796353,29952.581209879252,29944.77849009491,29948.94595663841,232.69767167391
1700012180,29954.464232107322,29959.147464965685,29953.181214179265,29956.673222157733,79.99368051212967
1700012240,29931.21322616311,29935.51519981793,29931.957449628168,29932.071156945363,118.85639042647423
1700012300,29932.17222542802,29935.349225684473,29927.60306575542,29931.4865361222,118.0761758089551
1700012360,29920.40839181749,29925.964119185326,29918.832778788677,29921.367772878686,349.87528950727966
1700012420,29906.101117125912,29910.558094923465,29905.00691970819,29906.742016153603,112.84234781977734
1700012480,29894.162422108453,29898.370140528637,29892.5697644679,29896.204187750456,62.67821328895065
1700012540,29893.291397537778,29893.562739054374,29888.764378313816,29892.194706462047,117.59822642001512
1700012600,29903.103124836754,29905.684945293968,29901.632595780975,29903.18553697032,178.07772974995848
1700012660,29887.391855716654,29888.909714080473,29882.353629999954,29887.268824357445,203.0868700189974
1700012720,29886.228105985298,29892.350225232018,29884.392859835018,29887.636402268578,368.93330312966555
1700012780,29883.876727457464,29884.366198285825,29878.797470506306,29881.826369068574,260.5406847325702
1700012840,29875.860337839757,29880.25457361605,29877.54489011882,29877.89429193623,159.99923557498357
1700012900,29888.994728295547,29891.668366930662,29888.530791938163,29889.92738583989,103.9005106557188
1700012960,29899.0186212312,29899.581806035392,29894.149901072302,29896.384771083933,284.18089014665344
1700013020,29910.017022722284,29915.03380476635,29909.280419851697,29912.433548373247,128.0696914069375
1700013080,29906.11129406065,29911.22472483674,29908.015662068596,29910.579480222248,114.06142345324656
1700013140,29900.224500943103,29906.57420793635,29898.413004214843,29902.2281688822,125.60856936541633
1700013200,29896.687893545182,29901.336927240354,29898.229024517295,29899.541863079634,89.93477671517594
1700013260,29902.28108181168,29904.614716724678,29898.941039598474,29902.451824574888,123.22253687272011
1700013320,29907.89371471581,29905.59904015965,29900.48771964188,29904.570704876332,135.20020339500192
1700013380,29895.246288911865,29894.32503904762,29887.732798131616,29891.55804800953,198.79271373628043
1700013440,29892.13376130133,29896.15420070121,29888.78969246613,29892.643925389068,127.07337378418426
1700013500,29896.566622966195,29899.788491953863,29890.940130064424,29895.382665350735,89.39066901199787
1700013560,29927.421506357798,29925.850392126,29925.17146108874,29925.59235380114,78.13914423653476
1700013620,29948.23998250446,29952.98114868502,29944.62853127965,29948.114489136522,161.39066217831734
1700013680,29936.644398354092,29941.394657639918,29933.032177924233,29937.875568929816,152.7878474826089
1700013740,29937.33248368475,29935.848462013284,29931.558715341853,29934.426968591226,118.899062098859
1700013800,29917.76341980974,29917.888038344252,29915.77908300926,29916.86566456918,123.10250912520242
1700013860,29906.75743903538,29911.257619994893,29904.783411372748,29909.77718040162,173.3642327906351
1700013920,29915.715017205144,29917.943069203033,29912.691053980594,29913.5644404447,258.8421720097555
1700013980,29926.295161521033,29929.491634761343,29926.356895408488,29928.034683895363,108.62940839141437
1700014040,29920.255139365538,29921.599783515227,29918.425366900352,29919.28567784244,153.78586295613673
1700014100,29910.344333041925,29914.964610832834,29909.113356217873,29911.435920561624,217.74140903256307
1700014160,29883.473797190356,29890.02840152338,29883.574072156705,29885.66845220476,108.80467300587017
1700014220,29882.233897624254,29887.009316969954,29881.26025667567,29883.716461158223,147.4880497973524
1700014280,29869.14916901148,29874.73303419858,29866.327571215632,29870.96748821591,146.17459432155312
1700014340,29866.91740215433,29865.480849068994,29862.22259315834,29864.614215087513,87.83691934898758
1700014400,29851.86456633602,29858.478924887957,29851.518754118435,29854.0918857495,158.7609350977861
1700014460,29854.666121327744,29854.339331016563,29848.52732456888,29852.960735098473,150.29768159271256
1700014520,29831.34891087105,29832.509885222476,29827.779204432118,29831.867994402193,185.31066738821875
1700014580,29813.746959083506,29819.144672909202,29813.064841301373,29814.2634514575,92.31857896388219
1700014640,29838.8441716841,29840.82261642911,29839.749787025696,29839.81441680184,149.00623550616686
1700014700,29823.691432474432,29825.04860567694,29821.21784786554,29824.36534582655,257.93139158343524
1700014760,29812.89153884215,29814.334023385607,29806.97966976591,29811.203918885098,340.699185079961
1700014820,29835.946616049547,29834.841196972433,29830.4826306619,29833.246881224954,247.6587294583458
1700014880,29866.36298989591,29868.77443328174,29867.051802655773,29868.107687255837,92.68173296312801
1700014940,29853.677218554898,29857.054493296015,29850.342112256556,29854.048887709934,177.7576441492002
1700015000,29847.33114654656,29853.424826364586,29846.28220381542,29849.629900228476,122.3323315043947
1700015060,29853.81803270814,29857.6945587108,29850.90340415272,29853.728566839764,166.26123184968066
1700015120,29877.283267293984,29875.25050157769,29870.156257702525,29874.47293857263,108.9744354635335
1700015180,29860.698394269482,29865.41498897119,29858.709441866795,29862.63065363149,74.78449842973946
1700015240,29860.428060699505,29863.755711333593,29856.34755902307,29859.687319480185,129.30747617950314
1700015300,29868.331363478086,29869.82080545005,29865.69157704781,29869.015370392928,198.1533208251752
1700015360,29875.527482143483,29875.27097454538,29870.921550115032,29874.232563286525,166.53406818097574
1700015420,29866.430087011297,29869.730747418922,29867.092866707182,29869.718690431764,174.36994169701816
1700015480,29869.86594450594,29870.73598563955,29865.793206634353,29868.112814857574,161.8289849508797
1700015540,29852.288924665347,29852.587473641444,29848.066062859638,29851.614065157133,174.48015145654173
1700015600,29848.541082824042,29852.377193108074,29845.703507822087,29848.755980229438,183.42478705004936
1700015660,29847.743695003504,29850.370399627416,29843.109427537827,29845.55933034933,132.97051719440796
1700015720,29847.68432996767,29849.389146469843,29847.71206225529,29848.345369024846,153.4164661700492
1700015780,29838.45762144408,29844.926927457833,29838.171798455747,29841.681442399014,298.0625458686728
1700015840,29848.320828990945,29848.399076976853,29844.10991181667,29847.33990466956,157.08898238819535
1700015900,29858.70220884533,29859.582528778294,29857.78125235353,29859.492494483395,150.96158471412906
1700015960,29866.856517187494,29865.15041738649,29859.576030584343,29861.357646415418,154.64834583525047
1700016020,29865.65658171718,29867.748746699464,29864.34511139553,29865.57872331621,136.02471438881457
1700016080,29866.842672058996,29870.950521794715,29861.407011205316,29866.216587487143,124.69336137637899
1700016140,29867.85459540906,29868.88902961496,29861.916593389895,29866.21760020424,161.33313839400537
1700016200,29855.396002862468,29858.346318146603,29854.753658654663,29857.558903801724,121.23295216317943
1700016260,29862.009322305054,29863.605707150793,29859.348569209014,29861.356834941806,140.0212263929527
1700016320,29860.544350735032,29861.203854734875,29856.50526944236,29860.189395760844,108.17974155246914
1700016380,29886.061801217587,29889.697561831443,29882.668774587382,29885.30741546801,154.96584252285317
1700016440,29908.021306041246,29907.642190202154,29899.308419128138,29904.187674297715,187.48108825254835
1700016500,29911.081805808546,29910.524026951665,29908.54221985878,29908.81783292839,136.35121989400636
1700016560,29897.738959439816,29902.30024802609,29899.489717741788,29899.661146412054,66.46321423736605
1700016620,29890.53211004201,29889.659609689315,29883.469153658385,29886.31220874825,187.94485918898283
1700016680,29902.13855488455,29904.520212768544,29899.589528071872,29900.605924185318,155.72218233168795
1700016740,29904.558354999666,29904.15965093644,29900.737394069336,29903.758914887087,99.75402641266909
1700016800,29906.0333919932,29909.63322993776,29905.61352058505,29909.520635727786,202.21027006815012
1700016860,29887.0483963531,29889.157867369944,29887.89505507817,29888.585603884094,84.82835990364448
1700016920,29900.829206716895,29901.689847213653,29897.51182454184,29899.71486566279,225.46457384370507
1700016980,29902.558882327132,29907.501442771772,29901.724574304117,29905.167909721364,145.04635081616954
1700017040,29893.323773149394,29892.52504965946,29887.673423655026,29891.84274150839,59.886671620259385
1700017100,29884.166244211523,29888.24020950849,29883.70272336881,29886.18444381899,159.38646250162716
1700017160,29892.066804763115,29891.55716420308,29888.31828233674,29889.34905027127,126.15648146039764
1700017220,29887.832136187964,29890.52410166993,29887.049655573614,29889.978651851543,118.77848445799914
1700017280,29887.284864912843,29891.05589742288,29884.200012278277,29886.4725976219,110.48830689652283
1700017340,29887.287746886992,29888.22646804305,29881.371111270088,29885.23073840511,141.04989367768485
1700017400,29882.641297092778,29884.149687518908,29879.429129545613,29882.207009866626,122.23244605994059
1700017460,29883.483071652416,29886.572295929218,29882.640645787003,29884.037760011855,70.62074237718952
1700017520,29902.685160548826,29903.26665112012,29897.92369908917,29901.695663687777,246.86142694258385
1700017580,29869.787855384606,29875.16741755482,29868.30702733179,29870.895762396598,134.59320561795627
1700017640,29869.21954698981,29870.928634430325,29867.165826461092,29868.053559222484,110.7445273933384
1700017700,29868.93096349109,29872.646187350918,29867.35634666324,29870.17170827895,94.50290048407638
1700017760,29872.839192031126,29878.278063170677,29868.98203585597,29873.7236361552,202.00507623893432
1700017820,29869.38250728876,29873.450559670513,29865.73307987465,29869.26066117934,88.29003191224075
1700017880,29849.06276441433,29852.244009246726,29846.685982982308,29848.179999789598,156.58436226423058
1700017940,29851.812864002637,29853.243991615327,29848.5615797177,29852.115945594167,117.51199332783969
1700018000,29871.743640678073,29873.60976372148,29871.43111660913,29872.84414816414,120.28117606206156
1700018060,29850.31421299968,29857.88829390371,29851.72436711744,29854.437811305146,95.44748372661384
1700018120,29862.924906625925,29867.14695875123,29862.170768650587,29864.803747469523,115.80088724591161
1700018180,29858.909464892415,29864.280008356833,29859.624490397488,29860.861444792048,148.9372321724554
1700018240,29853.948528252382,29863.928688802658,29858.3861466427,29860.1255526421,163.06108586986159
1700018300,29846.458853560118,29848.967338050377,29842.779863239724,29847.490770513654,108.3929453929337
1700018360,29842.50800942276,29844.900548611,29842.224303763305,29843.477296445384,143.11181374502235
1700018420,29857.66980143313,29861.531989413063,29855.07269636362,29859.077831581773,211.74479924162765
1700018480,29868.0876264408,29867.43744105326,29862.732841585563,29866.069694485624,76.32103414913792
1700018540,29887.745237023384,29890.193910130627,29884.194288087918,29886.857433750545,148.0414660540856
1700018600,29901.998714951664,29904.72002864768,29900.298802070953,29900.986376418277,101.46221080710784
1700018660,29904.960188610992,29908.6156112957,29905.232562801903,29906.255416565433,97.40975222536778
1700018720,29927.53098000389,29930.80162970744,29926.28774276149,29927.182630879444,164.7459524415096
1700018780,29932.174101933357,29935.00273662966,29929.516577489438,29932.450548784305,119.33079332654502
1700018840,29940.211497665572,29945.950765515703,29937.519490922277,29942.38640690587,91.22041762640384
1700018900,29937.101253986046,29939.952396702432,29934.44135914958,29938.827555463453,252.07162588494973
1700018960,29939.949547259846,29943.320320483428,29939.499845839116,29939.626105253763,214.4412494969271
1700019020,29932.597009567915,29934.832639491444,29929.88838625185,29931.25701937416,68.5167072820264
1700019080,29940.861477125993,29944.465055124543,29942.34573929461,29943.132026589297,82.28828469776751
1700019140,29927.4446007501,29931.772238067122,29924.11399390243,29928.99238311192,188.17696598869398
1700019200,29941.59310085752,29942.6571455603,29937.202536047942,29938.38058722093,132.42950508963904
1700019260,29936.719082408687,29937.340387765733,29935.086208605677,29936.09277453087,270.4885741740166
1700019320,29949.816708728446,29953.82763857255,29947.043363184566,29950.14773965248,189.9070153390695
1700019380,29957.60050808301,29963.928001102988,29956.37723459938,29959.158167517253,167.299598739599
1700019440,29979.185718419136,29985.337131007804,29979.876663990108,29981.005921409014,98.6181107028678
1700019500,29989.207405700326,29991.78281811608,29986.42339337999,29989.775217702678,180.65264841202725
1700019560,29969.740239572122,29973.94677329978,29970.425698578365,29970.91073463484,89.09421613854944
1700019620,29969.979022955304,29975.066147231326,29970.010451229908,29970.10729656006,250.15927459069644
1700019680,29957.390913625284,29958.8853973058,29955.63113629539,29956.04321024892,175.71360680763448
1700019740,29950.346380922612,29950.39899015268,29947.99951101065,29949.82385214053,106.70497350846276
1700019800,29967.92061096657,29968.18574711374,29963.083511700475,29967.95859333985,204.76663631024684
1700019860,29975.678357570658,29979.560571619342,29972.872764076572,29975.60899907062,363.80206987164064
1700019920,29970.992979736562,29969.339975554685,29963.4482034126,29967.221833927677,136.04057136065992
1700019980,29955.85219220025,29956.29128998354,29953.449746769234,29955.057225530392,184.96475175603456
1700020040,29955.338199338727,29957.188970798208,29951.853915317486,29955.450610644904,124.86938514120243
1700020100,29941.414628836144,29944.638753185063,29936.02098286172,29940.851888852332,153.56760400568962
1700020160,29933.291853114595,29935.12444220174,29931.009401072162,29932.798205523573,81.21550490028591
1700020220,29935.56633644058,29940.88481664482,29931.547022008515,29936.54231918219,148.381727722485
1700020280,29952.563977989565,29954.080691559357,29947.21401386031,29950.406063615468,151.02281708644708
1700020340,29960.967285710067,29962.58127203439,29953.96824421984,29957.711201282164,304.78271434503034
1700020400,29930.91206676066,29934.658246012932,29928.954890984744,29930.215727178984,72.38497533935058
1700020460,29932.339899116345,29935.14086398628,29930.652674081462,29933.868127927348,132.64105117217326
1700020520,29931.357424727164,29938.02782697015,29932.177499548827,29934.732530806137,248.45130910738968
1700020580,29938.134957752423,29939.801929403253,29934.917201003223,29939.69921423061,134.7325094925943
1700020640,29962.030257930164,29964.049264032576,29954.57035517148,29959.093730410426,138.58216333477108
1700020700,29934.79960556752,29935.63990163278,29932.351508094143,29934.33487108877,106.34583630894217
1700020760,29926.72836122431,29930.56560545459,29922.507281228784,29927.241629986474,102.20267462180233
1700020820,29933.977323626146,29938.57827396599,29929.908443096243,29934.332505859995,71.49721469787708
1700020880,29914.27476396066,29916.15569638019,29912.401453814702,29915.353373066548,115.38956218068014
1700020940,29934.89885953611,29937.30415835724,29932.654172099243,29933.06476164319,99.90882079023238
1700021000,29937.355154820496,29937.546269324554,29936.6810897923,29937.485040995598,155.58862943488023
1700021060,29946.803403166166,29949.853934516144,29947.25967760235,29947.644048825718,108.30298533319697
1700021120,29939.14138298085,29943.152913000114,29940.252759314215,29940.79272488746,122.50644072879984
1700021180,29952.16932550028,29952.428342733347,29945.673127295086,29950.557889167052,123.8557823003057
1700021240,29964.069861573407,29966.311471570425,29962.318711342843,29963.379547838922,145.5811884317114
1700021300,29971.58171944071,29970.74829582408,29962.719811168863,29966.174084080565,120.13199510014213
1700021360,29970.229818728105,29970.621840364453,29965.804253504535,29968.98689479295,97.05575081088172
1700021420,29973.279843450273,29975.127313100165,29969.075289340068,29972.231013664332,153.5930508117533
1700021480,29963.910039503793,29966.258183116177,29960.837350489477,29961.87087048746,227.4642962480848
1700021540,29959.76930202411,29963.96550330008,29957.20379335265,29960.100526324575,156.23893628231082
1700021600,29958.382146799235,29958.473922259174,29955.14256418722,29958.270255935146,116.28822698635567
1700021660,29967.389410062544,29967.584936128027,29960.01895572416,29962.870982307388,141.27967521275613
1700021720,29974.437857331708,29975.102107791605,29973.938060933935,29974.868873270312,65.34931067792603
1700021780,29964.02308854815,29965.110232658444,29958.551137301198,29962.16644028657,140.36397918793426
1700021840,29959.694954004357,29963.54310002431,29960.300116113154,29960.666331922737,126.4514262689326
1700021900,29981.0075009901,29982.375749648156,29975.487798435548,29978.443798494645,102.1677281929652
1700021960,29969.46072667183,29970.262955008136,29967.339443086887,29969.520739748892,109.85492800752472
1700022020,29960.22006619918,29960.550591501724,29958.402306575743,29959.65373954141,125.95266973824113
1700022080,29961.475210073484,29965.841948507077,29958.044468898253,29962.081413843385,220.73950820459956
1700022140,29971.964641573904,29972.961559891264,29971.334573295848,29972.214036129208,229.71149838458626
1700022200,29972.86147714598,29974.698374431264,29967.68623999645,29972.351148795937,102.3859949696048
1700022260,29991.371220509267,29991.956916332234,29983.875850739572,29988.29867588118,120.63495089254543
1700022320,30001.534619598897,30001.83641331589,29996.777265936165,29998.580203671976,121.8711107586067
1700022380,30009.849818352843,30009.735065405224,30007.156279820367,30008.68204447466,205.1657535259579
1700022440,30015.348002258408,30016.851243783978,30014.644009073454,30015.331442490547,157.30752084826585
1700022500,30044.479775589098,30048.108154210906,30038.681640615032,30043.2632796947,154.02515682152412
1700022560,30039.55091556715,30043.04469252908,30037.663680134192,30040.801339428308,183.92076601249528
1700022620,30017.317513761933,30016.98135930569,30016.60015401279,30016.75907192351,116.91353408101666
1700022680,30037.940149711274,30037.108048759048,30033.455127188907,30036.010124261717,256.0965776397738
1700022740,30031.07392367621,30032.22990653854,30030.088736351085,30030.517731090233,148.309623186006
1700022800,30031.360576749717,30036.809743443824,30028.943542997586,30031.81229642235,105.38655028105192
1700022860,30046.877135203027,30049.04036237806,30044.982096049072,30047.526904640676,135.38788792893305
1700022920,30024.543031883983,30028.431769391882,30027.885559920454,30028.29979014797,242.929512606424
1700022980,30014.617842258704,30015.844631466472,30009.200720613113,30013.280023578696,125.20384206390004
1700023040,29994.21164565645,29994.48271525814,29992.753102447437,29994.06468833327,216.98389183670508
1700023100,29983.682804959324,29985.90539084644,29981.82763103213,29984.535052852963,115.56829834875775
1700023160,29989.85753804357,29994.772608005638,29986.615497742016,29989.810692125167,109.2604543391524
1700023220,29997.1021825309,29999.624138833573,29991.28942357105,29996.100946238923,193.22184103759568
1700023280,30002.514750743554,29999.66956953728,29996.947177926468,29999.416236390865,104.62797630260033
1700023340,29983.48471490226,29984.706479377113,29977.876466922717,29982.463045784156,206.23495973620285
1700023400,29956.889209369998,29955.599992107705,29952.967517837824,29954.741804544563,170.82683790623906
1700023460,29958.847260931496,29956.00877085126,29951.106861561,29955.394047569247,104.64382345891771
1700023520,29951.32409284893,29952.668062232333,29948.55360403083,29949.732735165588,144.23196944623777
1700023580,29957.33954786772,29957.77364387439,29951.707965614012,29955.245364426188,119.16275929269717
1700023640,29962.501234850257,29967.383140862417,29963.225747972065,29963.66880794084,170.6458954586519
1700023700,29964.12552145072,29969.789236266704,29960.397453342128,29965.327705125546,315.8032199639412
1700023760,29976.25706072922,29975.682711437214,29969.679620150746,29974.449302150057,127.96005678401745
1700023820,29977.720295900563,29981.814798572716,29974.98877044685,29977.199838639437,183.73794114972813
1700023880,29987.27710043088,29986.150573969426,29980.940939016706,29983.560615106657,149.8711997156658
1700023940,29976.093215852583,29976.398710543144,29972.115661640626,29975.104535952218,149.84824488654905
1700024000,29972.151235184836,29977.178128176754,29971.574011187793,29972.94919898624,138.92274006169652
1700024060,29973.660636366894,29975.48816173627,29971.938154970096,29975.310512146123,105.32312666347947
1700024120,29986.582948014515,29987.954400738497,29981.664044118108,29985.15685385113,169.70404017622738
1700024180,29978.328250063383,29984.040067459588,29977.80657732281,29980.431959784437,132.22477298047448
1700024240,29989.71735069625,29988.085855289006,29985.947263390797,29986.685966853223,103.34572970515939
1700024300,29985.991156948527,29987.813360938053,29978.89997163078,29983.495901350238,222.66520153167477
1700024360,29980.666071611024,29983.28681815909,29981.51016993057,29982.0853953423,154.40883370678878
1700024420,29988.697381389466,29996.23899526025,29988.893763003038,29992.03962384659,135.4713822711409
1700024480,29967.136035417574,29968.5156242131,29967.607456410893,29968.12289939394,253.6670666244693
1700024540,29952.64591623011,29953.364869416386,29951.83472791138,29952.565231457043,71.20530939461491
1700024600,29939.169374180772,29936.683929607236,29934.676315117584,29934.779006687728,246.93578461017208
1700024660,29910.820507361637,29911.04589081354,29904.958792830264,29906.77561324955,104.3681779780435
1700024720,29898.377620893894,29899.35936679332,29895.438527145576,29898.636439967686,161.5174224459045
1700024780,29908.345772103563,29912.006837963392,29905.021925665755,29907.62964676442,117.30466191044295
1700024840,29906.422708332135,29905.359695600895,29900.838342211588,29904.21103796783,102.59606547649308
1700024900,29906.453453789472,29908.847060944103,29903.209424646775,29906.58451895113,251.02552078249616
1700024960,29919.424866176647,29921.418800932963,29918.95426019169,29919.65512891166,311.83887463348424
1700025020,29933.698530761794,29936.177993631947,29935.300675481765,29935.587362498874,135.84434928288556
1700025080,29934.484502716132,29939.479255979753,29931.630916579987,29934.75770728216,169.72676526629138
1700025140,29948.543949220322,29953.19162941075,29947.734616432113,29951.00073795699,151.83531820776554
1700025200,29952.090269799104,29955.557914164983,29949.322739182495,29952.106257858202,296.5461142289158
1700025260,29942.288149161886,29944.933817555593,29940.82866684065,29942.057479172272,63.73537978421072
1700025320,29932.796050573394,29937.433254530148,29930.870848860977,29934.924674945887,172.5780117911242
1700025380,29919.115118555186,29920.24112491289,29916.779806717623,29917.158236795105,110.95774735021233
1700025440,29900.871735643774,29910.992342081317,29903.3390716037,29906.500630550305,57.83617190305478
1700025500,29901.453915337075,29905.700992171878,29901.602372614012,29902.20443029341,128.48189006132154
1700025560,29911.08579202028,29914.50985092323,29908.57521194379,29911.847450525955,310.8217250174798
1700025620,29931.446496552,29935.722618303276,29930.40805956083,29932.496688499945,114.15764269696935
1700025680,29912.156237364758,29918.942481717968,29912.319995038233,29915.91051031542,203.63032195219884
1700025740,29919.039425111194,29922.790045971968,29920.363478922154,29920.624439934538,239.71935353245266
1700025800,29911.348024622657,29911.261732715302,29905.362497722246,29908.13791266465,147.66132087203198
1700025860,29911.02733695667,29916.052126727027,29913.109888231807,29913.834277726208,155.739111850902
1700025920,29912.943031076844,29916.049309807317,29908.8493297599,29912.261237917955,74.7000556698061
1700025980,29890.076057862105,29895.134930425396,29889.690589851223,29890.290368007783,111.44536320795835
1700026040,29903.988439850957,29906.22925869409,29901.062015291845,29901.429931906605,213.32206153435536
1700026100,29893.117519316653,29898.273602285026,29890.60430936198,29894.1699233529,152.0594615587038
1700026160,29889.065869072554,29890.771914977715,29887.445460819577,29887.76312049242,171.90406792216413
1700026220,29874.725752280956,29878.672751497295,29873.803437467286,29874.926091556943,156.53240228013146
1700026280,29867.642890247414,29867.96493371298,29862.951016251063,29867.074692236692,356.66664488529466
1700026340,29868.35935192156,29874.604469811602,29868.16093598599,29872.209377525032,124.93480828353489
1700026400,29865.973924833503,29871.22496925875,29865.667816644887,29869.938445433792,282.0724681541195
1700026460,29873.789363120755,29873.899864366733,29872.25189001324,29873.882389461185,156.55404547808365
1700026520,29878.097496285594,29883.059139581692,29875.58521156458,29878.22545170833,292.27045514138536
1700026580,29894.820277507366,29898.392634383927,29890.206654811638,29894.073391574668,90.92261537981909
1700026640,29887.74794518129,29892.528450856644,29889.27503018924,29889.959957764295,159.79006869390304
1700026700,29872.895503702814,29873.508425402742,29868.615709566067,29872.237663962147,126.7891266596367
1700026760,29885.8870075103,29888.509209012005,29884.556901214037,29885.04433296101,156.92828763459585
1700026820,29879.109289168515,29883.240480318593,29876.50022185271,29881.066474895844,242.00309251592245
1700026880,29895.518182421405,29898.458331897884,29891.255033318215,29894.44158423077,172.69444899148073
1700026940,29899.11761965786,29904.039700139867,29896.57558302551,29899.04210958896,241.81018914198668
1700027000,29900.631080789542,29899.213872263972,29895.044812953187,29897.468459226522,113.51234104566012
1700027060,29900.24538926483,29902.875785172466,29900.746959715852,29901.653769955075,106.79020587071437
1700027120,29921.18418679823,29926.402833120566,29923.336333814317,29925.065920676592,149.37232719267695
1700027180,29948.54723627964,29950.45641825364,29946.354068698653,29949.989687025238,146.13620951082993
1700027240,29947.898662311734,29952.79249162933,29948.117542542557,29950.82226064683,137.77973026908455
1700027300,29954.436752038993,29952.83167303022,29950.098016746135,29952.744547766637,101.1442089356148
1700027360,29965.186781092176,29966.23140744324,29964.683200183506,29965.659429656233,239.71737756163114
1700027420,29957.397817111763,29956.869975999387,29952.059685703258,29955.511497263025,128.3633763623001
1700027480,29959.963872825607,29960.30765561399,29957.548172229137,29959.508341734443,262.54729805965934
1700027540,29957.65356460429,29962.8587830565,29958.284220866804,29959.197987558997,149.17160372272824
1700027600,29962.761244870282,29963.492910050827,29958.245962338508,29962.964886096488,192.3605686008721
1700027660,29955.789742470297,29957.294430950216,29950.430466690766,29952.964460425093,185.50537496596564
1700027720,29936.51970871646,29934.99522302394,29931.249467267822,29933.889650505385,106.72870034963591
1700027780,29911.77617713647,29909.55680235835,29904.10698972242,29909.01384927349,171.8945433329219
1700027840,29894.622334737734,29895.65577313977,29893.773209231764,29895.605239917615,320.96535141495167
1700027900,29885.973347427032,29893.677161519958,29885.386033075534,29890.101136498346,164.12771934682294
1700027960,29883.857920970557,29887.86592118825,29883.10821065288,29886.582837458558,212.83361193647497
1700028020,29913.621581806005,29912.377104433403,29906.66413324399,29909.829611407713,195.84210304166058
1700028080,29920.259379970463,29923.659612079962,29921.929440336888,29923.1015318466,167.8078984165878
1700028140,29909.683637616472,29916.482918066682,29911.297660088563,29911.5564384505,159.90685462019178
1700028200,29918.819539770968,29916.35586357526,29913.540020688484,29915.72893987991,184.73571269325353
1700028260,29911.45040427713,29912.903630676916,29910.79314623373,29910.844001043708,201.40403575521938
1700028320,29905.240590164238,29911.6898824989,29907.076622433375,29907.431634987228,86.41267592809534
1700028380,29908.554675758343,29910.879977522614,29906.67890900174,29909.655542780212,163.84504860871695
1700028440,29919.703786288694,29918.42045511065,29913.463237018554,29917.08559618392,137.87794643779893
1700028500,29911.793010065718,29917.05699195676,29912.17475271769,29913.01449437731,126.89871677071602
1700028560,29930.05571396228,29927.14741105608,29922.11821070675,29925.78071277012,249.23238930746203
1700028620,29912.523098407928,29912.091810611888,29907.32882492344,29912.077454056413,110.69088545457346
1700028680,29909.877609265957,29914.293091407206,29908.437642401128,29912.153522804758,84.95250842008089
1700028740,29943.288819092766,29943.3882835723,29939.402031426034,29943.325607523908,204.03396807496665
1700028800,29947.00043953534,29950.55152585456,29942.499001534074,29946.002564435414,84.08619951502847
1700028860,29961.422446007142,29966.410204635584,29962.077451312412,29963.201138514687,68.63638370330017
1700028920,29962.349877022592,29967.214451983873,29962.494930941986,29964.299380652767,213.42960855704192
1700028980,29968.648626410988,29972.276653351037,29966.522370982875,29971.268705796723,158.14129415698682
1700029040,29968.83862260712,29974.087038391153,29967.28125456916,29970.58730746401,179.30492549897295
1700029100,29966.379666902165,29971.92868970843,29964.59729282037,29968.54241649004,124.34114657513337
1700029160,29957.722810614458,29959.490945598962,29954.34515463511,29959.188627729334,85.30538199063292
1700029220,29963.82118673859,29968.756476690876,29963.195059434263,29964.352244036825,92.35918077658792
1700029280,29953.95477976707,29957.030864581247,29952.525364429963,29954.133797766597,133.10315648082405
1700029340,29962.595340040552,29966.083155007553,29958.896812338186,29962.12082060236,89.21407840929496
1700029400,29977.569001241827,29976.458835016354,29975.022477286788,29975.144264655708,167.8081164784396
1700029460,29981.453264560198,29980.152880541325,29976.68654615589,29979.542641542557,123.34888761138625
1700029520,29976.671685703757,29979.61990460582,29972.064214842318,29976.10765673989,159.8146040884005
1700029580,29981.07233937239,29985.524657122867,29978.503026822473,29981.555243691593,157.91536915950348
1700029640,29974.969541829025,29979.78133469313,29976.374200605555,29977.851167025034,173.24725984765956
1700029700,29989.161326986366,29989.196193907195,29985.457212113935,29989.077732530615,181.2347243827679
1700029760,29965.09390693828,29971.192129643307,29966.370701396638,29967.100859520036,129.33937498792923
1700029820,29960.914939789745,29964.10404063426,29958.599703756216,29963.07357110261,159.74642378002292
1700029880,29939.6467207565,29940.87898687061,29938.67925200592,29939.183827161123,163.106482006776
1700029940,29920.053716775656,29924.38425223728,29916.925641529582,29921.243097198396,56.17343039644039
1700030000,29938.096500039614,29938.10921755222,29935.12039681748,29937.609443956164,192.21418523086285
1700030060,29945.707391951666,29948.711642570517,29946.208428722384,29948.351663739824,157.58687263449252
1700030120,29938.446214263873,29939.846419798283,29937.21459213753,29939.717900940406,185.97635576641565
1700030180,29924.06882697729,29926.27105876911,29920.68682795245,29921.687859467915,88.70023705156004
1700030240,29885.79046410951,29887.67042713516,29883.825085516022,29886.113513413817,130.80278488092858
1700030300,29876.295342994978,29882.894861394212,29875.342968239132,29879.591567318625,95.90788670723073
1700030360,29908.999009534688,29913.582723710682,29904.6317712545,29908.636547465594,199.9046595191653
1700030420,29912.959728662965,29917.202412690967,29913.0399160507,29913.855158723156,84.60161727647026
1700030480,29906.04853361508,29909.765765269844,29903.773186399918,29907.14029129056,102.36430698377514
1700030540,29914.794499602896,29915.325853472154,29908.43706747974,29912.721253804568,183.7774751073065
1700030600,29892.968337670205,29895.87433931091,29889.89091562554,29893.989753568632,115.38221050125469
1700030660,29893.20954352033,29893.42077149604,29888.293710999777,29890.421873216263,102.37512234957633
1700030720,29892.866851105253,29896.409559840176,29891.375138690717,29891.61560289245,213.2974716290446
1700030780,29888.430949135607,29894.522615239086,29885.92654795573,29890.582395070596,216.8237263880505
1700030840,29899.358555950264,29902.193201616046,29898.09264295164,29900.07206853088,198.11119758454552
1700030900,29904.816766861208,29905.870035390875,29902.40292805943,29904.207811245713,208.40511830368683
1700030960,29911.33480142052,29916.645381111124,29908.430148740616,29912.22772346301,135.28291989263585
1700031020,29904.087440571748,29904.646185204372,29902.647394998778,29903.967256076237,136.7511444441051
1700031080,29914.71588397246,29918.988967261987,29910.56730136133,29914.741040977166,114.5220623355725
1700031140,29932.97464729521,29935.563668155362,29933.908026544555,29934.28828434865,158.7120679360386
1700031200,29924.101225594153,29926.224636291714,29918.942934109255,29922.646490112835,120.16198037974826
1700031260,29911.91346943315,29916.025245148136,29907.165194792055,29911.99414224426,124.80762073206148
1700031320,29928.648090669318,29930.408536866424,29923.044710295733,29928.023554280106,188.66258850303592
1700031380,29928.898633188965,29926.688846320474,29921.108404639443,29925.727426439764,238.36800005050688
1700031440,29944.41419465706,29946.797121861873,29938.21947111753,29942.57328314456,174.04329701985048
1700031500,29934.12644170773,29939.100396327125,29935.86845347957,29937.262854601857,304.21246219515524
1700031560,29953.953954887937,29956.326802819516,29949.890159703955,29954.723401517105,111.92105662264488
1700031620,29958.948407921573,29958.851312230534,29951.661748349696,29956.30123131877,71.15141019135275
1700031680,29962.480685950337,29961.575408404162,29956.728114663514,29959.399977198642,197.5222341216331
1700031740,29978.4009212589,29981.591854543873,29976.166205186713,29978.17659345868,108.99113830187328
1700031800,29970.712974662998,29974.521336771213,29973.28901146156,29973.83534772935,133.02314069695123
1700031860,29962.91539884786,29964.72033084849,29959.588712189125,29962.54188257825,73.11849877448057
1700031920,29954.5451129751,29961.617621138037,29953.6563823393,29957.15911208191,103.57706251968195
1700031980,29961.88325794799,29962.767433036828,29960.56713657372,29962.587119489628,81.37833097799293
1700032040,29942.85550970777,29946.084702289227,29941.767862820307,29943.79801062346,124.74587832812165
1700032100,29954.119102473887,29954.750321287203,29948.581104501704,29951.447661455277,126.74527991478665
1700032160,29943.107359800364,29949.42096107907,29944.84348516433,29944.982405643863,153.85093277248978
1700032220,29959.426021647214,29961.72508870733,29953.96682809073,29958.756157572665,243.68811384940378
1700032280,29928.298849006642,29934.14745527006,29928.57550537838,29930.025033913862,194.56426230788605
1700032340,29922.21458457658,29921.699699707406,29919.881790303763,29920.58624461261,77.56622949252151
1700032400,29899.99452810278,29902.11267397894,29900.321184817127,29900.3486267978,189.2759823882107
1700032460,29889.729867293558,29895.144534571074,29886.149415494503,29890.433873201433,155.19802450707547
1700032520,29893.713930647893,29897.835739580205,29889.089827135744,29893.40586401474,142.71782472884047
1700032580,29890.44605412317,29894.044909422788,29890.778611486756,29891.255144509345,147.07169486104814
1700032640,29888.747407832354,29890.592055370944,29887.453407167523,29888.21461368197,161.06708757983853
1700032700,29887.60251473149,29888.55973218268,29884.06488406912,29886.30439522541,112.53286176798858
1700032760,29885.534087347256,29889.03900242068,29887.816533247515,29888.745054112846,137.97322671041576
1700032820,29874.544715876804,29881.104507129312,29872.963515925345,29876.642621609528,238.31078700135797
1700032880,29886.646546790416,29889.215564842394,29884.83461857179,29885.12481730032,111.99314748232351
1700032940,29891.939920333756,29895.358064668584,29890.328262283016,29893.076808944945,98.30204292887188
1700033000,29899.18262190622,29899.094464060414,29895.783306371246,29897.697264196817,144.79472661017917
1700033060,29906.745034797157,29906.090268541964,29902.050933091374,29904.375665509833,94.42193583561577
1700033120,29905.865062636738,29908.5484844489,29905.808895931055,29907.932681519535,74.50652842546576
1700033180,29935.761760403602,29935.962509858837,29931.587765239634,29932.353561152308,129.31006554238232
1700033240,29929.454719272526,29934.091780382452,29930.207023673134,29931.30843109968,264.92552634415296
1700033300,29928.12887710481,29928.79394959379,29927.29939398511,29927.623432479664,146.13902017640575
1700033360,29919.004194721536,29921.696129375763,29918.00467363888,29918.581101515374,159.40224300063448
1700033420,29905.374447029193,29911.090100539717,29901.304475356348,29906.19394946844,63.30350233329719
1700033480,29890.097890393237,29891.872263694608,29889.86135395884,29891.260288017227,176.84085378882358
1700033540,29882.247406612114,29882.887145311583,29879.05959256176,29880.594720258458,154.06064822408055
1700033600,29878.311104461132,29882.217349783245,29879.11102402647,29879.746555678634,113.75352755062244
1700033660,29883.531356144555,29884.592083289725,29879.982276198123,29883.758097220605,159.49621452552174
1700033720,29886.883911508965,29887.029702978216,29879.751087872293,29884.37180192323,158.8640248736476
1700033780,29875.52512756123,29878.215264886814,29871.23662590874,29875.185378594073,97.14501175082985
1700033840,29883.225035331197,29886.774316056406,29882.924514215145,29885.987593362315,169.4811126319892
1700033900,29891.507355833433,29895.63416492497,29890.794380851872,29894.860545429925,239.5720409749906
1700033960,29891.510068825643,29897.22650931903,29890.923614576197,29892.94476574086,135.4799162545572
1700034020,29887.49045898122,29886.666709188237,29880.812285229484,29885.109772004886,104.89525900718145
1700034080,29890.70969324993,29894.842573990234,29887.698312806653,29891.690907054843,138.23677448696793
1700034140,29892.244868296955,29897.08045548305,29893.937966883394,29893.946590104675,208.89782942814995
1700034200,29875.117647025058,29880.764917369608,29874.130092317107,29876.569062991693,90.87386665290803
1700034260,29874.183391342503,29879.45277307604,29874.430217039484,29875.75329991988,187.05885566530966
1700034320,29878.17120350628,29883.100611831967,29878.466565082937,29878.897729664775,113.15903476724581
1700034380,29868.24621690458,29871.227466175173,29863.87041201318,29868.10139222692,163.50200161433705
1700034440,29871.59624793278,29872.62679874354,29870.339764519464,29870.37951294097,118.42353641483334
1700034500,29856.71751415488,29854.88947572444,29849.2708256076,29852.921643117876,118.29638563330818
1700034560,29868.276592784598,29870.851025151333,29864.01491571304,29868.955876318025,272.936172230046
1700034620,29883.559170451434,29886.02324162828,29881.521177305207,29883.931276138737,84.46737488611858
1700034680,29879.78591644145,29881.54761438787,29879.044865477394,29880.9010681271,180.21425904120719
1700034740,29887.937607567754,29887.382312036185,29882.233355408793,29885.262520181168,296.64310939411376
1700034800,29855.05342321294,29858.290681127583,29852.31996745333,29856.34345659157,195.2359389663182
1700034860,29838.358194479144,29842.640142984976,29841.26602469951,29842.467284668386,87.14393635041014
1700034920,29838.785037365007,29840.317591403193,29837.688430480794,29838.94193762656,88.88716855905915
1700034980,29826.199672007853,29829.83587624314,29823.040451299006,29826.07634136944,109.87571345762018
1700035040,29834.031094448837,29837.538827018056,29829.949700056735,29834.649099161008,158.0897902937309
1700035100,29854.551983480564,29862.647495013764,29857.12445765119,29858.616657529983,162.4511071850801
1700035160,29846.54457642023,29847.210721118736,29842.613507580685,29844.49728089683,89.23928686064666
1700035220,29834.04130618102,29838.718138875185,29829.48105354051,29834.44772004781,104.6788421366598
1700035280,29838.872415312126,29841.25343596554,29836.391989641495,29837.27310046753,107.27622018823345
1700035340,29857.700503691216,29857.097917100236,29856.221653407647,29856.606494249525,138.06178146576468
1700035400,29842.03718311481,29846.823034339126,29838.989226304642,29841.938002499046,328.28370307014234
1700035460,29842.231789483503,29845.000173201235,29844.80510102462,29844.92643596673,102.17889746821378
1700035520,29863.18004097511,29869.766212366132,29865.87985602011,29866.782022176485,100.40548796258409
1700035580,29846.06462810908,29850.92346994492,29843.849866494882,29846.960912398335,94.32477513815425
1700035640,29832.34127136223,29833.247552615438,29828.290519912727,29831.588081916183,191.37174177631877
1700035700,29821.519324905377,29829.49765160014,29823.952676390414,29826.504802638654,145.97908550158883
1700035760,29821.11285064705,29822.068354338626,29818.33900145324,29820.25774168439,103.70075343472772
1700035820,29831.151228966155,29830.312032012473,29827.127969215326,29830.008957137434,128.36551321210237
1700035880,29836.45875986444,29832.95118137073,29829.691945010116,29832.908873775283,108.13666887031029
1700035940,29808.81714592109,29812.083639210134,29807.59191882812,29811.609329059578,167.06058189570786
1700036000,29815.857762709642,29818.286301864988,29813.830499753338,29817.794253894386,434.30655935963404
1700036060,29806.028176173884,29813.918236133086,29807.539783418542,29810.86378724612,184.998138391102
1700036120,29828.93620055385,29828.786480004226,29821.68599093327,29826.157153849414,142.99427492329826
1700036180,29815.709761797214,29820.903419913036,29814.435977144192,29818.62610341217,113.75076749360429
1700036240,29810.846448978213,29814.446327392958,29810.320489973856,29810.986720014946,86.71613493712012
1700036300,29815.868098911,29817.564430029663,29812.69690213798,29817.4802993446,199.03404541146205
1700036360,29829.93097141485,29827.99033453972,29822.176705621052,29826.635417132642,194.75486620030148
1700036420,29829.076445854545,29835.899573156315,29830.407973602338,29832.012609499878,123.16927162038166
1700036480,29810.212408188596,29816.335327223846,29811.684519598224,29811.78544169126,241.12936969506572
1700036540,29818.31967503997,29820.433537951587,29815.221975236607,29818.241854970398,149.67148249063447
1700036600,29804.53993297498,29806.237578251,29803.638070465975,29805.830158350305,202.33086321586651
1700036660,29810.18446229145,29812.64711538551,29804.905638376436,29808.653471689366,167.08101270573027
1700036720,29792.727538635736,29795.99451063094,29788.94565964203,29791.568658464574,138.26133802202455
1700036780,29797.851413462344,29798.99282558856,29796.542072058837,29796.92452423509,101.29592217180445
1700036840,29790.950793106786,29788.462113653004,29786.02190028213,29787.245337383403,140.02001309269392
1700036900,29770.13020459187,29772.073579921394,29767.441102799647,29771.85372158028,207.8507486478022
1700036960,29778.0363759897,29783.37497732754,29780.23111473949,29780.419563218067,121.11565980931277
1700037020,29784.721985777716,29787.868644931,29779.635949131196,29783.31929747819,176.9551938152646
1700037080,29775.255169829583,29779.341015989074,29774.491858321715,29775.951575861473,96.24582996500216
1700037140,29793.896802998985,29794.9519650392,29791.102523034515,29793.365722049726,202.76006505514982
1700037200,29787.421345066727,29791.29233461234,29785.42286583133,29788.07789299089,168.20383282667976
1700037260,29789.718339560965,29792.623527115782,29787.212778292003,29788.46318507854,91.75809358140381
1700037320,29793.45699676286,29794.06929674743,29788.430344235698,29791.690146450685,135.69289272907488
1700037380,29782.15000546909,29788.35289769113,29780.78694415065,29784.25415524114,215.41714630809543
1700037440,29790.03553193219,29791.867339145272,29789.482493363586,29789.90779076194,89.69248477109154
1700037500,29779.462144694255,29785.248890988943,29781.636727216704,29783.506362595963,96.70062875422228
1700037560,29778.474082799778,29781.48164585876,29774.844816223336,29778.566702729368,144.34427114748604
1700037620,29796.770570487708,29797.24184649548,29791.3102266078,29794.918414407006,348.3933969051481
1700037680,29779.97750002399,29787.316941379166,29779.708365057333,29782.43138177686,113.40537246252767
1700037740,29752.21641747741,29756.059964923345,29749.589643906365,29753.478017805704,180.92988849345303
1700037800,29771.35551601845,29774.735121890426,29772.271037280647,29772.809261745846,164.68822862931836
1700037860,29801.019995819395,29805.375864892776,29802.810140837908,29803.401197177132,117.23635671235944
1700037920,29799.84355857943,29801.277665744805,29795.250519490255,29798.537965991738,158.29388559490025
1700037980,29775.550416122267,29777.07046969434,29771.82924016482,29775.295909504297,124.0725078159318
1700038040,29771.913001452922,29775.18463479977,29767.497467513338,29771.570101789945,128.62202748476759
1700038100,29770.71691946569,29770.038741030367,29767.230242002992,29768.13542639186,76.3624618886206
1700038160,29766.383520599906,29767.777062232217,29763.272482002434,29765.85634029959,146.9695622850269
1700038220,29749.822924880777,29755.580550043414,29749.19152731085,29752.49568379653,212.64782692998853
1700038280,29758.97574129866,29759.754651869727,29758.3319196371,29759.450417506247,151.86171088365126
1700038340,29768.43662866537,29769.021280600256,29763.159866681708,29765.74450600968,229.5688775067976
1700038400,29750.923317395176,29750.33649965764,29744.619413449895,29747.811638571846,187.19127936655107
1700038460,29752.87244723469,29758.467129923618,29755.129751794797,29756.201999352186,144.92023353022304
1700038520,29781.014857156046,29784.430484089076,29778.956402084284,29780.834219135537,115.44910445745026
1700038580,29784.192563536184,29786.689022034803,29781.816049074103,29782.89774312478,122.17989573576433
1700038640,29779.397824709755,29783.08114549702,29774.335126657817,29778.84984117996,82.41733660071822
1700038700,29780.100418115704,29779.019818211156,29775.96180819742,29777.14580260707,133.375498068361
1700038760,29781.68269351167,29786.16407227196,29783.924710680763,29784.528883810694,157.33849497529326
1700038820,29764.54693041978,29767.33253505208,29763.58504798697,29763.760824544606,294.76205543375755
1700038880,29762.998709924854,29768.642537276035,29765.508745618277,29765.733512980332,183.33739233300884
1700038940,29760.944642157883,29764.20695331854,29760.090014411944,29761.04794558678,105.01029657248635
1700039000,29780.362781793116,29785.99946027778,29780.180803185718,29783.221845742253,83.45042056274241
1700039060,29780.618383938505,29784.995238052612,29781.043523564036,29781.13177293659,136.64402206824047
1700039120,29799.43995894429,29802.09662871249,29799.71270464624,29801.146424270028,205.3479338461586
1700039180,29786.463349804468,29790.68009656035,29787.610701440026,29787.901535896643,135.87746206111945
1700039240,29793.702063765773,29795.739154842995,29792.93035204678,29794.948645898276,184.34217364626022
1700039300,29798.085580109408,29800.817708760227,29798.538565374623,29798.781449063772,138.04087270120783
1700039360,29788.818583521625,29791.672851206473,29785.315173206287,29788.35288208939,197.70977526306217
1700039420,29786.65076608189,29792.946993506608,29787.03951413744,29790.481635465036,78.34301322430312
1700039480,29806.84573547721,29806.92981919038,29801.3751737588,29805.031861507017,281.9339568826386
1700039540,29801.13774577089,29805.571211062655,29800.024644062345,29801.146361055577,95.10738491195693
1700039600,29780.813037515123,29784.706937838026,29776.50030845573,29780.842809265538,203.87211946043035
1700039660,29779.827173841124,29783.263509272812,29777.180614511155,29780.63205534781,133.10341761681937
1700039720,29770.661923502088,29774.553243988677,29769.519727113802,29769.8029782103,141.69386355316698
1700039780,29765.065394335154,29767.81671339351,29763.491053402828,29765.694886946334,134.76860053279285
1700039840,29765.053518880515,29768.65619834805,29760.87705124325,29764.71583371011,164.39002967226267
1700039900,29747.411912152802,29745.087688316933,29742.693537484327,29744.248007117927,178.21840941637168
1700039960,29724.841002473564,29726.289069431634,29722.95231317654,29724.86010704608,226.6358636780124
1700040020,29732.846039738444,29732.335336979053,29727.4968899359,29730.644909072384,260.65027155178507
1700040080,29727.841056243247,29724.90138848187,29724.09488031777,29724.37228471835,169.47893108493048
1700040140,29693.32160597512,29696.10437669188,29688.76067741396,29693.5953526165,294.55616431842685
1700040200,29702.03771437176,29703.97478172643,29702.14107600275,29703.013481055797,154.0364121701826
1700040260,29705.228522034882,29709.45284756634,29706.148558120858,29706.28191811909,228.37206087902283
1700040320,29696.581078816613,29698.665882028516,29697.68880532045,29697.715420230652,176.1767705587278
1700040380,29685.778635739833,29682.53098898465,29679.915685822954,29681.913457697952,119.14224881604363
1700040440,29694.66518630954,29696.78858609172,29687.52188562635,29691.943152453725,159.571749587666
1700040500,29692.188317050823,29699.426561453507,29692.036549528362,29696.13535992445,181.5023771752894
1700040560,29726.821004836813,29729.4088418902,29720.16635832541,29724.726587316658,146.5139648963881
1700040620,29728.547168439083,29732.218289461325,29727.099938904714,29729.768850501358,175.06242195342531
1700040680,29735.795163439834,29734.58830051182,29732.177557027127,29734.421288196503,209.79800434333566
1700040740,29732.258807556664,29735.290008887358,29730.488848154666,29732.4181530352,147.0320724924502
1700040800,29743.485971846156,29745.011107875787,29741.987373062653,29742.21946344161,45.71584394831889
1700040860,29748.597403547345,29749.795363886267,29745.17287957506,29749.720485856586,290.41416537407775
1700040920,29764.467637724738,29769.04739618138,29762.260305497948,29764.74118595937,131.75754165045166
1700040980,29759.381890483008,29761.5851643388,29756.209973780464,29758.48531093572,106.77116630599541
1700041040,29755.360765499758,29756.983877107275,29750.684583825325,29753.260421260395,94.66609225434286
1700041100,29746.975634814466,29749.98078874024,29743.54041061888,29747.51118320945,129.72562447336063
1700041160,29759.426241461682,29760.092816053137,29755.878448433683,29757.000803863597,118.49856697608034
1700041220,29774.126335062916,29776.268646613302,29771.431793752185,29774.98129714716,110.51996843448767
1700041280,29764.222241411295,29774.344000068213,29765.9213625251,29769.475211229368,112.9730722974528
1700041340,29761.677586393325,29766.381526533587,29760.13016258456,29764.37792649585,183.44174105092813
1700041400,29766.7101574085,29768.958486288975,29768.10343518997,29768.146853182287,334.33563258748524
1700041460,29765.368929777615,29765.47729227401,29764.34573746596,29765.197715182134,206.0726217035233
1700041520,29780.49986427382,29779.80321868524,29774.26712475959,29776.622359019813,232.53465644598998
1700041580,29752.245604324184,29754.517930788264,29745.348329595075,29749.601031532384,127.61730584020678
1700041640,29737.114985257176,29744.15954345361,29734.85498666124,29739.68057096938,154.7585477990078
1700041700,29731.871087122094,29733.802097799275,29727.317231888446,29730.291574961844,176.01917917602378
1700041760,29703.845807009537,29707.400292458173,29701.386632936094,29702.44730281321,113.99753695952532
1700041820,29691.214942432154,29694.497782790997,29689.96071800166,29690.883641480785,125.17440085935071
1700041880,29682.025860608326,29681.59802370764,29676.7045483207,29679.901768090633,208.8927126027134
1700041940,29679.94204970551,29680.49460290171,29676.43816650111,29677.488512236407,229.5491349068318
1700042000,29690.945051081893,29691.24293614876,29688.078665816727,29690.84410293633,152.46942860789684
1700042060,29689.686434031384,29689.011787573156,29683.72931547632,29687.90337512204,92.01366767397693
1700042120,29677.01564763834,29677.62131165843,29673.584512236474,29675.533610478786,131.86296068948158
1700042180,29676.41253803652,29675.85924845204,29672.957795035516,29674.850155984226,83.38492571434689
1700042240,29686.395519013855,29692.207744515665,29687.25953775707,29687.440239441523,152.94539525520793
1700042300,29676.192985029134,29680.706721281866,29674.45831075602,29675.728733648142,164.3767820938039
1700042360,29665.158978976873,29666.656514641694,29661.310877742988,29664.801835041086,133.18189581779674
1700042420,29670.310530757757,29675.050567482762,29669.702466326715,29671.504422552374,163.47899137355944
1700042480,29669.13006838007,29670.884842816922,29668.054494577154,29668.845989163605,175.34588266329231
1700042540,29677.172312989034,29677.31335147405,29676.086966783318,29676.61580545212,164.4727358841136
1700042600,29675.511143239437,29678.136678189087,29675.976777059823,29676.452043950576,91.77940105618683
1700042660,29683.535612040538,29686.03886622123,29681.576340562064,29684.872007727652,134.11454789098727
1700042720,29672.74521735818,29674.0914614612,29669.387962965193,29672.451070359162,174.85152606198642
1700042780,29672.14483899846,29673.381162991693,29669.713449521692,29672.306054549703,279.07615694174734
1700042840,29671.341354836815,29670.33949997264,29667.27614213655,29669.777774377348,133.1171676134783
1700042900,29656.908449374427,29656.274225434907,29654.421399024657,29655.187083288096,184.996347229732
1700042960,29634.887052909737,29640.95413307282,29633.92232678987,29636.42534791367,210.873992843034
1700043020,29643.76445221188,29645.08044471585,29644.354647453965,29644.654336336967,137.18754354077944
1700043080,29639.532310873517,29642.066690969128,29635.813615457337,29640.442907750352,234.94773825205039
1700043140,29627.61383567313,29630.817793843096,29627.88540660057,29628.175544370584,240.05535259745287
1700043200,29626.928990575874,29628.793960408395,29624.903746153035,29627.021397127504,257.792215361715
1700043260,29639.16479963405,29643.145658890793,29640.554768133683,29640.557623415698,178.28312340664732
1700043320,29611.318551749187,29613.405869572405,29609.258017077318,29613.188769271233,381.47865534347045
1700043380,29593.40664898201,29598.471953159213,29594.398254049713,29595.22910499239,116.0344065010052
1700043440,29584.35602352154,29586.971861697428,29579.52988760054,29584.15446768965,347.10628659462134
1700043500,29598.914628630475,29605.093445419567,29601.46872535099,29601.688614090293,201.8086145302171
1700043560,29604.622736521862,29607.915946964462,29600.975721212504,29605.079657885326,253.7006257785747
1700043620,29613.02271238573,29616.476982682987,29611.004275706782,29614.28746477086,130.57984753812306
1700043680,29600.041357959675,29602.356241452817,29599.356855146914,29600.605533741345,208.05238130327908
1700043740,29586.67708982313,29588.303279188596,29586.159005191945,29587.1711032381,262.6414162302436
1700043800,29594.016371819274,29595.045206472805,29590.756478171887,29592.544867838773,96.06802579031637
1700043860,29591.84145813331,29593.374422071884,29589.10214539412,29593.244159809998,139.0271846838487
1700043920,29594.13843684655,29601.470229776864,29595.519242894687,29599.829025636365,63.0229486725878
1700043980,29598.326563894803,29600.96633521305,29596.7005468476,29597.576973745225,138.1951489786203
1700044040,29600.772709031833,29601.458283661115,29599.147458264262,29600.914698462682,107.08219558695419
1700044100,29603.704538010235,29603.126583693138,29601.624670562032,29602.812127481542,136.03237716786927
1700044160,29613.121375953688,29615.40622917702,29611.532121912373,29612.145336150563,477.92668546607666
1700044220,29618.740536577658,29623.818309139606,29618.59718859625,29621.829435533895,295.04308682808374
1700044280,29603.73691363665,29606.400096783942,29600.661616485017,29602.390971601195,83.44777485310001
1700044340,29576.371909883837,29580.11030545696,29574.296828713224,29575.423748937104,185.35915485590593
1700044400,29590.619679356383,29592.229895977584,29583.11470484141,29587.44469370892,204.2965132416786
1700044460,29603.21261827715,29603.825359097536,29597.955805173548,29601.697394828065,129.6503440051434
1700044520,29592.866718379813,29590.77155471528,29585.581112850425,29589.449918593906,159.3850609203187
1700044580,29565.86828431693,29570.174962409066,29566.93591425944,29567.131893715356,165.7354567219968
1700044640,29562.72091712377,29571.461276197086,29563.744659321288,29568.320311567444,86.60481814987094
1700044700,29580.22372787095,29582.60209496403,29576.616678393777,29579.49037028365,98.24538310676898
1700044760,29604.39502041884,29602.670397621456,29598.54249052944,29601.06150455286,159.00230315651086
1700044820,29605.45707608922,29607.575834100164,29607.20414868794,29607.257075418078,154.43310283221348
1700044880,29604.25032497691,29603.846499253177,29598.30816400688,29602.79647505905,111.7847239216701
1700044940,29589.480213738927,29592.851004740143,29589.359455247602,29592.078907600033,108.0127789848684
1700045000,29592.780381195662,29592.835824829,29588.090555788378,29592.21632310008,143.17795542760493
1700045060,29589.88877803162,29593.256563258812,29585.347591849764,29588.625146653456,211.54978930206605
1700045120,29576.8002468962,29576.51357001458,29572.460863717155,29576.44433178471,143.94131641527665
1700045180,29599.513846073198,29604.038688291253,29597.564740852282,29601.02939959507,284.0335407028676
1700045240,29622.906261681448,29627.18878939864,29617.84660090826,29622.451420419937,112.35593024831842
1700045300,29637.07745402819,29637.88427026007,29634.956583690902,29636.0840046226,160.33155991927373
1700045360,29625.431463054847,29627.669290294754,29624.023299325225,29625.03379984889,128.80270672027336
1700045420,29637.837742109463,29638.772950057835,29631.731323930737,29635.29403174046,187.76372275864563
1700045480,29642.175485449847,29644.555397127726,29640.462574651516,29642.969548654433,108.56671264420845
1700045540,29651.853549332573,29650.668356083417,29645.284290293206,29648.28009614488,320.84530837340577
1700045600,29664.16432225814,29667.361593601072,29659.733367003453,29663.27607934941,75.47149526213613
1700045660,29669.381762646084,29674.627311390144,29668.163392078746,29670.900533063745,294.76902862920235
1700045720,29679.17460733353,29683.82295095686,29675.842236661065,29679.780703899396,153.85265945492839
1700045780,29686.24293815389,29692.360280118002,29685.829242520183,29687.423579299862,185.1136262899156
1700045840,29691.643167541322,29693.36471357057,29687.218123977887,29691.513076195886,253.10640191281556
1700045900,29667.770250277346,29673.845198953997,29669.57136087469,29670.109742639317,209.1526980896776
1700045960,29669.263797174703,29674.127118403754,29667.94317568344,29671.113195568243,110.82908555599508
1700046020,29663.54661005356,29667.77191589816,29659.98822952442,29664.438892062055,188.67686108694676
1700046080,29647.225709015747,29652.78017009454,29647.817329930866,29649.080800570373,313.2462395433015
1700046140,29667.761752893177,29673.011256586717,29667.628426627365,29669.262600001985,104.07203620003747
1700046200,29690.889471119306,29694.439269839088,29688.483335200148,29690.010544092613,346.3228403010547
1700046260,29709.008989119542,29708.06779967234,29703.499872737284,29706.32119129616,173.17125088474216
1700046320,29708.543028046744,29712.65115907899,29707.3193932206,29709.38375229843,124.79955512580484
1700046380,29724.4990752882,29726.992705907847,29725.051457324887,29725.591253749863,103.82265946201758
1700046440,29723.55494793481,29728.70873544267,29721.2794558083,29725.735891917084,135.73238234393415
1700046500,29730.042101789946,29731.925334940715,29727.146076094064,29728.169459239856,67.88999451844255
1700046560,29716.860664912867,29719.002808225123,29712.37740273937,29715.047802794314,125.70051496633651
1700046620,29718.891897915684,29721.912320963245,29716.837673968614,29719.8116984483,133.59717323496147
1700046680,29720.678663567098,29723.079930705397,29720.332570371153,29720.53632958939,96.5667559182407
1700046740,29708.67602740852,29706.57375344323,29704.425942549107,29704.90450418738,200.16420965789447
1700046800,29703.53992251807,29705.135320578276,29699.431690293433,29704.29013884558,135.97805125547495
1700046860,29707.038229909278,29704.63597110526,29700.01082237855,29703.3333840793,115.08628854244141
1700046920,29726.79463118278,29729.464803103532,29724.7362921938,29724.904118079034,130.30351056927472
1700046980,29732.931315275473,29737.17952573324,29731.66368191793,29735.634678021193,171.06489532377856
1700047040,29732.12226525468,29740.645819958023,29733.229309243907,29735.772023290294,152.8242371410737
1700047100,29741.18878374485,29739.964861433982,29738.381473147514,29738.757471007906,112.12451162784477
1700047160,29739.94680261998,29742.90337498256,29735.884259054914,29739.288019545154,156.06325246904748
1700047220,29736.76780668145,29739.722568195466,29734.356292698267,29736.85305172761,145.43505316713703
1700047280,29720.301471503786,29727.348275606575,29722.839326353394,29723.86392535895,94.0864754284404
1700047340,29723.037040723313,29725.27109256071,29717.66279146722,29722.051302827665,132.23731146704165
1700047400,29714.051891793904,29716.631866665826,29711.641224456336,29713.098123747837,187.11722800472418
1700047460,29694.996886163834,29702.622072522936,29696.671554103494,29698.09433728076,186.57910487075083
1700047520,29704.978577360765,29707.04634653564,29702.86513114637,29704.22899905533,135.37033799778104
1700047580,29707.479771556595,29709.263418889048,29705.08689608908,29708.924174974527,194.55387517962242
1700047640,29690.437970768333,29688.837812010344,29683.953091486208,29687.48368483811,100.28516735255269
1700047700,29686.353934676354,29689.552564090212,29681.495740760816,29686.011469188168,101.53513180205867
1700047760,29701.27907949562,29700.430258958844,29696.813189721048,29697.959885818967,134.22238510420726
1700047820,29712.781438247635,29713.41333059882,29706.738747708012,29710.670570685725,270.1632631087801
1700047880,29721.30221009004,29725.96351507725,29720.115384917706,29722.980612800347,158.42806640982397
1700047940,29723.54738206534,29725.36071764809,29721.904173234903,29723.447571283166,132.93412119353135
1700048000,29713.94523882864,29717.176504972973,29713.129756685496,29713.307027347535,275.2432357813002
1700048060,29701.8001406672,29703.92031583872,29696.207903669983,29700.30264141924,132.32018453931735
1700048120,29704.879212422726,29708.00939733721,29703.232543418675,29704.437900276243,362.8150843306915
1700048180,29708.387034354422,29712.565811558798,29705.83054550755,29708.989260688624,120.96324638261638
1700048240,29722.471401614963,29728.889024036158,29721.692894347587,29724.437234027886,99.01867892023412
1700048300,29742.887283200183,29740.613953729207,29737.614742138758,29737.63698983199,138.85846959545373
1700048360,29737.71376830214,29740.8856069511,29731.078527803915,29736.050245953615,134.33897845921254
1700048420,29720.801582922908,29721.71573882924,29717.048128628285,29721.119775407285,107.43779290910544
1700048480,29717.48822247508,29720.450291126126,29714.858139889973,29717.290496243157,420.2247264940916
1700048540,29719.09051809583,29723.48190331056,29716.49556372967,29719.89727058088,168.5867791684478
1700048600,29716.937191063957,29719.85837369098,29715.089300453255,29717.47227163621,178.69846449168813
1700048660,29711.147278065262,29711.97858427156,29706.81461098288,29710.537542339276,123.37744228060973
1700048720,29714.625866510887,29716.32234738247,29712.90051738982,29713.572160118914,117.79340042626227
1700048780,29708.015670201457,29709.34840562344,29705.292912245815,29707.524667221987,223.68153964878766
1700048840,29697.69038951764,29704.533494572624,29698.31018833192,29699.987874217284,75.91871974620587
1700048900,29705.189324094736,29705.50927029159,29701.427032011456,29703.725308228924,93.95859541121007
1700048960,29699.027010713664,29699.779932230886,29696.649034003072,29698.901397267375,134.434433613605
1700049020,29701.463965507115,29704.71259563594,29701.115180186218,29701.830649935113,254.78471209064946
1700049080,29701.988396349592,29707.089061166243,29700.226655355797,29705.10909820934,127.76507305495771
1700049140,29692.036566712715,29691.915440920246,29691.358489482303,29691.435950196243,175.2933090989238
1700049200,29683.743443397834,29688.485268464847,29685.61069198577,29685.661056709858,150.06844225857495
1700049260,29700.450421182326,29705.603612044684,29701.047173396186,29702.914379988855,249.2617041407339
1700049320,29689.096934366025,29689.83541126921,29685.86754408931,29688.969425836043,78.73681166142097
1700049380,29663.99101040655,29666.557763293196,29662.67130631432,29663.569572448396,199.21512709299256
1700049440,29641.88553795358,29644.06422547877,29638.561460589965,29641.227430609484,137.06296627711845
1700049500,29642.08839623689,29645.444813083614,29637.962890128587,29641.576749968404,214.85291496422536
1700049560,29640.239277583645,29643.75560695401,29641.4774542596,29641.9477573048,106.94205626629038
1700049620,29640.074407085187,29641.780224658014,29635.614314999617,29640.536427039697,149.86834788542333
1700049680,29654.6361255685,29659.862804421693,29653.423201748144,29655.10670498684,142.45089098352065
1700049740,29625.283138810362,29625.838779403515,29619.820614720666,29623.0326917896,99.38744635503818
1700049800,29629.718878437525,29627.919598077195,29627.230298991843,29627.783898282774,88.9286884175336
1700049860,29642.234263054863,29650.624715124977,29642.97372476081,29646.521156704417,117.66427652671331
1700049920,29633.34343897629,29633.97157783031,29628.7855057904,29632.987787525715,156.3305149532387
1700049980,29629.979653375394,29632.360290972465,29627.903683672583,29628.430109384237,109.6436005099322
1700050040,29616.533208046316,29622.921218513275,29618.766090605644,29619.395406377495,130.0567085284135
1700050100,29608.099636727195,29613.507322445876,29607.258016752625,29608.66325382456,69.80328405824378
1700050160,29603.591799930557,29609.57600627226,29604.68843068741,29604.748109764285,127.96285568002001
1700050220,29622.154027319062,29623.24998629178,29616.947676696815,29621.8779331685,223.50519522767107
1700050280,29644.563919455504,29647.75882118047,29640.93465289959,29643.92657327435,196.77720120820615
1700050340,29640.234475318866,29641.47957800277,29636.857355324053,29639.89530257387,143.34169065128398
1700050400,29665.521501483243,29665.902014836793,29657.961214294384,29662.756025142644,163.60599864090815
1700050460,29663.358797685298,29666.17167329123,29659.022796594858,29663.182942866457,106.55868239057682
1700050520,29683.635169032787,29684.499952764978,29680.156020532027,29684.22723518687,284.2276419693165
1700050580,29679.40672492334,29683.133560140206,29681.410139541524,29683.10765139103,339.3747664820352
1700050640,29684.50834717357,29684.96916537656,29683.006028336258,29684.680345303583,158.52771756922326
1700050700,29693.734393059716,29689.705749212953,29687.607349176233,29689.066038975296,418.33156442579394
1700050760,29727.400253993277,29728.500545584448,29725.478804318827,29727.21228312771,113.06094972367238
1700050820,29731.94870175963,29741.962486142056,29735.580166219046,29737.427710025844,89.97827964918027
1700050880,29727.20780319646,29731.53369904316,29728.240517221526,29728.94053566643,111.73729082182813
1700050940,29742.190287997353,29744.552968803942,29738.788770796225,29740.568510109737,135.93867894850143
1700051000,29735.044306635864,29740.41807842526,29733.9927844885,29736.226519664724,374.21354877041205
1700051060,29731.833544319692,29734.024232962867,29728.80278077618,29730.349517469913,132.62642600538888
1700051120,29743.96034882771,29743.20965941072,29740.42599894783,29741.252733788617,105.22886816543128
1700051180,29742.322499568338,29745.945057811077,29739.75870885098,29741.62576084187,103.60819781352865
1700051240,29744.785618937534,29748.678920582617,29742.56413294993,29744.968671816012,234.16098404393853
1700051300,29748.880805483263,29748.85225169542,29741.53285254506,29745.136494478396,221.16758102009442
1700051360,29751.473810578736,29753.68336363349,29745.619303190288,29749.17549199766,122.21829210864925
1700051420,29754.25441164053,29757.268400129182,29753.261607611475,29754.275082766893,70.08342748223858
1700051480,29731.84782592641,29733.674351724243,29730.84820259859,29731.03147957443,94.49647971533759
1700051540,29738.24072905545,29743.48116438573,29737.511353988706,29739.030351597743,295.4493846397838
1700051600,29729.675455214394,29729.5184272006,29726.460437035483,29727.24611855978,195.49272252955393
1700051660,29708.51030143596,29713.99638241321,29707.95958653699,29709.938528933068,152.35061622524708
1700051720,29711.605112200887,29709.50682580899,29704.340863411002,29709.237594006765,313.4165916278579
1700051780,29706.959897442663,29710.251815768817,29709.34000919201,29710.245366046536,324.8392709657833
1700051840,29705.354808640423,29704.564754519688,29700.328922354554,29701.923292071668,146.29485781938078
1700051900,29714.08078290445,29712.263733832766,29708.270102782088,29711.895674363685,147.37366433608162
1700051960,29694.95483076117,29700.6722874345,29693.243658452924,29695.789572367234,117.58733418493863
1700052020,29687.577780878968,29690.933753252164,29690.686606664098,29690.906247381965,132.44383715056006
1700052080,29683.257671690535,29687.478505945262,29683.07930767196,29683.887757762768,81.89762647582789
1700052140,29682.20299467833,29684.545633997626,29678.652462744827,29683.328710518694,81.764686868615
1700052200,29686.64000813112,29691.512841960823,29686.15925697077,29686.675081934463,74.51023156790279
1700052260,29676.633163447208,29676.48807479212,29671.40490260293,29674.58036653898,229.00293103865772
1700052320,29684.252035364934,29683.408175799774,29679.310130424252,29683.271758668456,79.47473010638696
1700052380,29686.451606528433,29684.162465915517,29682.700591774847,29684.02778708847,323.7543079979085
1700052440,29663.881851984283,29664.09129890735,29657.699042033037,29661.32443204873,110.8135260936846
1700052500,29637.017836925326,29642.75489465912,29636.971858868816,29637.821334763965,297.3589404261418
1700052560,29639.919859212987,29642.572370924037,29636.249751874642,29637.67350324881,128.24958688214133
1700052620,29634.38278742193,29636.708260296822,29633.462785280957,29635.021895435377,79.32277529514128
1700052680,29636.38449957692,29636.194372318423,29628.79867911966,29633.78085407248,248.02053848959477
1700052740,29632.852298553884,29633.947343623106,29632.37220311803,29633.445064594118,260.01680175267734
1700052800,29637.129147806165,29638.762666948198,29635.50574534507,29636.15178266824,103.29403188760251
1700052860,29644.710346919117,29650.52208598166,29642.895120799014,29647.52357798642,129.97460605823093
1700052920,29633.54288138425,29635.445627503468,29633.380665706307,29634.19031917541,103.30457104865854
1700052980,29617.65509427461,29623.187232240176,29615.730260462453,29620.1266600606,141.4277975538536
1700053040,29608.518067198802,29611.505237524434,29603.754490627718,29607.006773765952,154.95452069230817
1700053100,29610.361487091486,29610.47855043909,29607.58946628162,29610.473773771973,128.95284260854507
1700053160,29627.375316631962,29626.55781118727,29621.656448757996,29625.41314231573,71.69660825709573
1700053220,29621.064279542345,29621.286666873475,29616.607074271116,29620.237069056857,117.64225403672103
1700053280,29590.740879372428,29590.83610194211,29589.66403997985,29590.21667092694,196.64646161867196
1700053340,29571.22047301699,29570.5992626393,29564.771426023584,29569.768756575617,136.51577598953344
1700053400,29562.203321619756,29562.90187862889,29555.062867269822,29559.772315902064,130.19375304981855
1700053460,29555.906603899428,29553.593041202876,29548.596609437816,29553.079569252124,102.27746671581123
1700053520,29552.85840195648,29551.871563770168,29545.067460055354,29548.178905725064,116.27748566175305
1700053580,29550.754572127844,29553.07699215363,29546.027922544177,29548.641879200837,260.75447157539935
1700053640,29543.645935437624,29549.53386185186,29542.219530311562,29544.90092323097,94.07469527272116
1700053700,29560.689995621517,29560.793877629087,29557.418313836348,29557.49299855749,198.01231756307365
1700053760,29552.117036581818,29550.367772942478,29546.883443379582,29549.38079088931,151.23305965563134
1700053820,29535.45117823314,29539.459458253306,29535.914127537304,29539.032975375605,163.68179444108185
1700053880,29546.052473937547,29545.939606606884,29541.485950793976,29544.77948183785,110.72586784213298
1700053940,29525.709684980407,29531.161562927664,29524.69107967348,29526.351776998737,128.93250541248491
1700054000,29529.743443169576,29535.839803471332,29528.67166571111,29531.02807746258,148.07396729422564
1700054060,29530.93366340773,29534.168310086883,29529.07716263398,29532.258715667293,120.51005749738596
1700054120,29533.53403424949,29532.118363493762,29528.3478782369,29530.489405788274,169.45253220542622
1700054180,29550.010838433867,29552.098771985362,29544.73804307915,29549.548719074068,178.21231251505063
1700054240,29545.318684269565,29543.540670187864,29538.55501918127,29542.082229730528,353.9241587805243
1700054300,29561.913172058998,29571.704120035098,29566.799439045564,29566.80580777682,165.88188712245372
1700054360,29567.290380914113,29565.206737336204,29563.98423297867,29564.10063038608,69.06878815617881
1700054420,29550.872113484176,29550.62214645735,29545.324932029096,29548.776433046438,236.32491870989153
1700054480,29551.69666972806,29551.762322396877,29547.552242530648,29549.615468018375,136.79066209860238
1700054540,29539.693846567996,29537.325845729956,29532.503170868487,29536.70052561455,331.87890060904977
1700054600,29524.974267621277,29529.59357957464,29526.81437839336,29527.67945544079,267.2995075956965
1700054660,29527.59895923881,29536.727508641485,29532.374720470714,29532.443855040976,121.25467023954641
1700054720,29540.0623383434,29539.81264511206,29537.170428354206,29539.110840104775,198.09785257672868
1700054780,29534.285673995415,29534.564937455856,29527.96450718019,29531.644827701726,117.02855219737488
1700054840,29547.967540439735,29545.526875132582,29538.635050775396,29543.493689442283,148.57298672034239
1700054900,29557.871999975578,29558.23646616912,29552.96551314178,29557.383782538534,194.49256298404583
1700054960,29575.25213446362,29574.681084439544,29572.19903055761,29574.619403617296,231.6436228920646
1700055020,29582.274956755522,29582.33908102025,29576.90827808682,29580.972364502803,212.3174014251796
1700055080,29596.89075853988,29597.642653851322,29596.981856758495,29597.333509047832,152.93237844780703
1700055140,29573.973581626513,29576.647770268628,29571.90256617422,29574.763927912143,400.7627314457655
1700055200,29570.302882812728,29575.0000986071,29566.327557263532,29570.949049328603,128.25132782250876
1700055260,29561.177235996656,29564.143412557107,29558.563060515266,29560.54498625272,78.03205839547071
1700055320,29564.178940245398,29566.71261514476,29557.175193437935,29561.97569658625,84.27795142927556
1700055380,29553.786639760277,29557.253383042575,29554.014880472245,29555.11830595589,267.62937440359894
1700055440,29553.099384333647,29556.66341884545,29552.596242804826,29553.124411852492,143.9316928839152
1700055500,29573.933795365272,29579.037219025453,29573.086698734533,29575.71051041494,158.1625021678155
1700055560,29572.093721758953,29574.759104373687,29569.137638497992,29573.673872857897,119.4610585070301
1700055620,29581.482904802273,29580.157293190343,29577.082984570454,29578.63938066418,123.83115794634624
1700055680,29578.720593120004,29578.501296372076,29571.851347108095,29575.85214870509,108.32778268772424
1700055740,29578.271789598053,29580.7439947556,29575.91472183117,29576.76070816057,179.19244236195755
1700055800,29578.945439142386,29579.141971998117,29573.105056345797,29576.832908325803,142.7433172365303
1700055860,29580.70229356553,29583.35150479836,29579.427662410544,29582.21279711748,176.6202859622655
1700055920,29595.493868192072,29601.16381599545,29595.321402667076,29596.196487544046,169.9960759483338
1700055980,29613.766847527717,29616.543109547056,29612.3747792681,29615.965215515287,125.16695755568503
1700056040,29618.887682863373,29624.460101035653,29616.111875930914,29619.680656498196,82.80659846968673
1700056100,29626.337919966878,29630.800450572777,29624.178042984906,29626.755219130624,79.97228695529915
1700056160,29610.545385459707,29617.139312616935,29611.817506832183,29612.944845020396,498.03015962059897
1700056220,29610.95086943194,29615.864912026867,29611.228854650184,29611.89032411141,268.07569315253556
1700056280,29623.037595763137,29624.214652396535,29618.387522447712,29623.17379769001,253.67984691086184
1700056340,29630.604515283154,29636.728333237992,29630.28635865972,29633.565421351017,113.31338255939212
1700056400,29635.874376378255,29639.888487206816,29632.058530726692,29636.10473814456,148.9787820572939
1700056460,29647.350146869212,29650.469894619884,29643.256613014124,29646.741465659376,107.10984354134465
1700056520,29654.306312684857,29653.98849302002,29648.48329784134,29652.6306661673,87.80927755161834
1700056580,29665.628290348322,29667.93993820523,29666.221887167667,29667.03434126641,117.27136308131287
1700056640,29668.032550066215,29672.14726606947,29668.021900027165,29670.5066511499,252.2634518770043
1700056700,29666.339446165915,29668.637493764934,29662.902647510535,29666.238271363047,207.74225377723724
1700056760,29667.652535198682,29673.13727018156,29669.751416946765,29670.268366446242,100.68338583311572
1700056820,29639.041263999952,29639.285985747607,29634.351449189366,29635.10123393601,130.85287231475277
1700056880,29639.80676952224,29643.54103391115,29636.525949801373,29639.695862772627,200.2665579204577
1700056940,29595.99509869426,29599.29566149838,29591.57137984878,29595.91490887005,118.10941515631566
1700057000,29576.687336726,29576.5507944459,29571.93126708648,29575.233347981186,153.21382548779624
1700057060,29575.886849116512,29583.048973687153,29580.473547125195,29580.654571192477,174.29320701645588
1700057120,29586.517308505056,29588.062102610318,29581.532758654226,29586.38492323968,173.53377009043683
1700057180,29573.25123942121,29573.610418775752,29571.738243373467,29572.435777878,164.29410929880734
1700057240,29563.838629148588,29563.94178017737,29562.72774220769,29563.890553375455,114.26509350333322
1700057300,29584.342672715873,29582.034355091677,29575.4622088293,29580.337045238823,119.05792804866523
1700057360,29576.04841951064,29575.809264998526,29570.673518676685,29574.52868365995,94.30555158105395
1700057420,29599.477247469895,29604.30323904362,29596.760844006894,29601.443727408787,79.47681648564037
1700057480,29602.678579880536,29601.732198022088,29597.387590706632,29601.42068917067,141.7550408211267
1700057540,29607.97487361885,29607.669721276798,29603.05845091823,29606.317123293247,205.71749535946842
1700057600,29623.1005648022,29625.94346352517,29624.29685108091,29625.71961607523,85.4462089048802
1700057660,29624.611432667647,29630.499030992116,29625.657534261052,29627.29194146955,165.53609995540103
1700057720,29614.22983275694,29618.104761494105,29610.52745833604,29615.263813701262,203.13128321438953
1700057780,29614.857318949005,29615.6344843963,29609.64395620015,29613.947084280928,71.18673482847265
1700057840,29613.99869757688,29614.256428448825,29611.722303204435,29613.519755446647,133.1887852771208
1700057900,29598.75115554338,29601.932454784073,29595.276518532126,29597.14285562023,286.7136780074648
1700057960,29596.062417002195,29596.99483300108,29592.58439881276,29594.07287076414,185.07782403910434
1700058020,29587.255398612786,29588.56213246903,29583.535914923043,29585.16656563617,70.23291953612029
1700058080,29597.49496753599,29598.915602488767,29591.955521390977,29596.25885872242,193.1246402688375
1700058140,29598.74364319401,29600.706867450874,29596.621666929692,29596.67420121264,110.04675074866697
1700058200,29596.40806245996,29597.762552470613,29591.100389117324,29593.28065222287,195.6882383206397
1700058260,29591.56766371589,29593.92002177339,29587.292270662758,29592.0064690554,112.61414093172563
1700058320,29594.214742114487,29598.13405983743,29591.97075150036,29594.683933276276,145.29803143938474
1700058380,29598.684118155692,29603.235141095283,29599.833474721832,29602.08570367255,119.69931531926208
1700058440,29591.425833665227,29593.34843216433,29588.52730790502,29590.08915692852,148.6007365840506
1700058500,29576.99790415782,29579.585883486947,29577.220542187755,29577.590105337065,118.28393115450851
1700058560,29590.220830763345,29590.8801639189,29589.723823531756,29590.846255921893,135.7187464228764
1700058620,29586.40588857769,29590.67585279755,29585.445921405753,29585.89821345544,92.73611591798695
1700058680,29567.407441166775,29573.238316071966,29568.262611195696,29568.896108344274,180.5962430502754
1700058740,29572.67140248317,29575.676043608604,29573.40427813624,29574.221860856873,159.19248753678593
1700058800,29579.127476338872,29584.77108510043,29578.272151368845,29579.782298529266,77.74133752309555
1700058860,29561.92499485228,29562.99935381497,29561.358632042207,29561.413715442184,220.77998531604754
1700058920,29564.88255624486,29566.461716960042,29559.41677659978,29564.16749602775,138.3082398092047
1700058980,29575.730000934484,29577.25078826776,29572.375397673502,29572.99449313689,158.3337201623793
1700059040,29579.098966114598,29579.010112314,29575.571386195563,29577.48713055736,201.50711054158026
1700059100,29586.314923410304,29587.32360978444,29580.673270563926,29585.0709083625,169.2364580286965
1700059160,29570.467622710272,29571.547615021027,29567.686839334456,29568.21967918541,236.53146970804767
1700059220,29571.31231311199,29572.844498819228,29569.774139786594,29572.192161045365,131.98414359859885
1700059280,29566.167468193747,29570.67247577518,29564.336805944014,29568.56072393172,224.47666383370952
1700059340,29564.583366891682,29564.314291713832,29559.982428906853,29562.767242027025,155.89299573547714
1700059400,29572.647026468574,29576.597780869386,29572.16219136295,29573.213909340062,181.82657893189423
1700059460,29593.033425747213,29591.645050418454,29587.28765581109,29590.965203468153,174.41746836794348
1700059520,29613.107488465233,29613.66130151886,29609.09093880902,29612.497644123356,243.78632639154364
1700059580,29629.655997739785,29631.83221960019,29626.464409048695,29628.27533858143,198.05899669605208
1700059640,29625.754737104653,29627.739650250485,29626.727052593957,29626.958528401865,124.31539045609452
1700059700,29632.548746705863,29633.30126666938,29631.1518469087,29631.19117035818,114.83464021466344
1700059760,29638.36972399218,29643.957448430057,29636.26608040396,29640.393044819593,145.48868844771823
1700059820,29642.33862175851,29645.674522133337,29640.23939340339,29641.847180211185,109.50381880372478
1700059880,29644.715557885313,29643.89075635948,29642.727500973095,29643.416350466123,97.42892321272865
1700059940,29655.80799857333,29657.56136609574,29650.708631917823,29653.30138804864,63.35659542759305
1700060000,29652.083587275734,29656.209857801976,29647.985829817702,29652.589996296327,79.86158086298927
1700060060,29642.04811625539,29645.53502600331,29643.79614873723,29643.838553059843,328.3770675996348
1700060120,29638.31823375674,29642.683890531465,29638.58415856643,29638.864876269814,114.13704781159093
1700060180,29641.99413746979,29650.113295129322,29644.386576139692,29646.471800802618,317.78788119052456
1700060240,29643.648145392075,29649.512176429558,29643.12789076324,29646.507720297017,174.384362076539
1700060300,29651.20529554887,29653.382645886464,29648.2097377256,29650.590240019435,145.48846299621945
1700060360,29659.267245793475,29662.30470837036,29654.143448733535,29658.631190925862,81.43115613444779
1700060420,29653.193699932122,29659.12939287962,29653.912670593407,29654.133093371092,148.69058829631413
1700060480,29664.8841096955,29666.100832581225,29661.50736698643,29663.208071334648,316.35769093983555
1700060540,29665.421605963085,29671.797771934962,29665.997443129207,29667.75418257615,276.7334303715173
1700060600,29652.213224489526,29656.65779411979,29651.23578940328,29652.93642553321,165.61990948430204
1700060660,29669.73116520573,29674.523125037616,29667.80565346683,29670.244083027446,93.74071815833638
1700060720,29662.86123876682,29669.007770409284,29660.282260876393,29664.235146102365,101.20355269311207
1700060780,29640.928342217405,29645.339418021445,29642.78458890213,29644.374001984143,105.52662203454528
1700060840,29631.491566764733,29632.660775651082,29628.111061435946,29631.833477469107,247.46322149465703
1700060900,29619.80701628271,29622.51269468304,29618.84860818457,29619.580935540966,285.05671898301955
1700060960,29617.18957611821,29622.45349067929,29617.403391086686,29620.207015364856,160.51014254288015
1700061020,29614.98570846632,29619.774422762897,29615.045369169973,29616.920809298303,131.46857185995714
1700061080,29613.520785367382,29616.86903935904,29610.182771675136,29612.878825686614,275.7471158164465
1700061140,29620.304876375085,29624.97382167265,29619.776500520544,29620.315249272404,100.34061855766096
1700061200,29624.00299177484,29626.48083273271,29619.62643937291,29624.393753606717,151.52177303716607
1700061260,29627.462702165238,29631.775991282168,29623.65525747044,29628.18632805445,178.60673895089727
1700061320,29635.81746924427,29634.0882654816,29628.97228802094,29633.104269542393,105.09658212438706
1700061380,29643.582854774024,29643.170645305192,29636.03397144148,29640.49788555842,115.08077941187514
1700061440,29616.977225501094,29615.31146934599,29614.46900610618,29615.20244545709,111.55357494993154
1700061500,29612.75866331594,29613.347939265583,29608.31057756482,29610.829186429917,261.5670726001169
1700061560,29585.95431368399,29587.39334795167,29583.07711986226,29584.666665656045,319.17735204639973
1700061620,29583.829963493434,29588.776611456506,29580.662455071095,29585.099384777615,155.38672539163673
1700061680,29585.381647423575,29588.29121306196,29584.096600698427,29585.043789110925,133.31470886662152
1700061740,29597.19738719838,29599.38216007993,29596.490449632693,29597.5901764084,116.75334767371095
1700061800,29614.29039594114,29611.870443624623,29608.40821683928,29611.841789121056,148.5168656775757
1700061860,29615.198374105927,29614.852519068198,29613.830591404647,29614.275089700084,119.09378588904396
1700061920,29607.09624144783,29613.136060038905,29604.608920886734,29608.27075677132,142.7632841510514
1700061980,29612.902785205515,29618.704355913447,29612.7520536803,29614.09269012187,175.08877468303146
1700062040,29609.20682613035,29609.383144289382,29604.45300164764,29607.757678473976,126.20086734740514
1700062100,29607.417641883898,29609.035231356276,29603.375777724854,29607.740966656656,137.57438806893566
1700062160,29615.176906753222,29621.756683928637,29616.526545594013,29619.574602460187,137.80204598574016
1700062220,29612.916542166826,29616.331046456373,29611.81792764188,29612.881346308313,130.70915003642608
1700062280,29623.93586387151,29624.333628342516,29622.30366235153,29622.549489979225,124.38988282114784
1700062340,29631.025831182254,29631.014775642187,29630.455236545055,29630.67830640353,201.3165693887747
1700062400,29619.036450382908,29621.234780060182,29618.77674518789,29619.22080459796,73.09102545383598
1700062460,29631.20987089795,29632.210479108973,29628.008444574218,29630.907534136568,278.5818587868512
1700062520,29639.35303968238,29640.914980337082,29637.549241010824,29639.290330281026,156.6809834025316
1700062580,29643.400334523372,29641.328227158436,29639.29790604252,29640.5134409295,189.42762593688127
1700062640,29633.29082038334,29634.659759780396,29630.269026644182,29631.36555943317,198.34959661585867
1700062700,29621.353757684403,29623.688241876487,29616.312179550747,29621.05508721026,111.80724210937741
1700062760,29614.933672227467,29615.9574518739,29614.009053407965,29614.603136287424,102.95135318930443
1700062820,29622.246648396645,29623.883582253457,29619.590197793063,29621.114269846927,98.20845251415646
1700062880,29610.000795010266,29612.11030707395,29607.289381528015,29609.646767838112,134.44736552561466
1700062940,29614.774885110724,29618.876789104383,29614.89466719118,29614.89691482155,196.30741543890818
1700063000,29598.21702156196,29604.77576982171,29595.39108253763,29599.99584847501,117.50668080839748
1700063060,29597.745448932194,29598.200378006637,29597.051532507943,29597.547025461743,189.26963830925456
1700063120,29598.064592106035,29603.28236591117,29595.4504455132,29598.86279851663,57.560208968295804
1700063180,29629.287560860208,29631.728344948762,29625.060032871526,29628.20436025734,127.20158597814053
1700063240,29610.532380943896,29615.139340117585,29607.63125311557,29611.676572391094,236.7145410518209
1700063300,29628.589286593753,29631.21225167469,29626.083808536165,29629.340747188977,138.60268853773536
1700063360,29629.407222150465,29632.858397134147,29627.291919070743,29631.138856156824,106.52104225939165
1700063420,29634.645998248125,29636.101116597125,29633.966676129072,29636.072919173013,114.12139053780909
1700063480,29636.31562288791,29642.404118506856,29635.049571660915,29637.49309413367,44.20292550426874
1700063540,29643.02665076933,29645.86234511388,29639.321505441196,29642.829815952016,99.01577806553982
1700063600,29640.495716245583,29642.99723781929,29638.143461094398,29640.985594699672,226.53434092760705
1700063660,29656.30717902026,29661.153040986625,29655.87650412583,29658.434196877162,117.5611816827083
1700063720,29654.260692285272,29653.159178316946,29651.928751116193,29652.956543146465,123.2459873259267
1700063780,29667.80017357001,29667.411612789074,29665.252816708584,29666.543358012615,58.39761939303594
1700063840,29658.44808977416,29661.92775219488,29657.018466364763,29658.81095257006,77.29775270225939
1700063900,29657.257371032712,29660.65923906166,29658.041508486127,29658.087930413243,238.89393610409388
1700063960,29646.872592784286,29649.159753900396,29643.137562537857,29645.22437978576,189.97977749604598
1700064020,29650.834189556757,29653.978377882155,29650.67082205111,29650.68466442993,88.3251054759248
1700064080,29668.214173461507,29671.033354292944,29665.20109873344,29668.026175913048,115.32693908241312
1700064140,29671.528461986403,29671.174230276723,29663.577757910338,29667.097901755198,146.69140035355073
1700064200,29665.17446134927,29665.07658889851,29661.924530212676,29664.735273370752,91.97795301022528
1700064260,29651.674505479634,29654.81430379609,29647.89226994791,29651.359869813936,66.57588644500704
1700064320,29648.928943856954,29652.186311537753,29648.608292128527,29648.60835797131,139.25626168647509
1700064380,29626.662998305495,29630.870644603052,29629.19761698823,29629.49482685465,186.61420760355085
1700064440,29620.971887611042,29619.518539196462,29615.04797880965,29618.540291014026,188.05658994703336
1700064500,29622.910968709744,29622.330985944616,29617.24722282755,29621.261723567335,210.62829696214652
1700064560,29642.31427353687,29638.08058625739,29633.501374085787,29637.089881940232,79.72451227519002
1700064620,29671.762245607333,29673.419323229504,29667.485351062216,29670.800412274984,151.89063631120084
1700064680,29664.552678362386,29664.439522810964,29660.224477935077,29663.761391254135,133.3022963953678
1700064740,29682.00494748655,29684.281422440978,29677.287043504897,29680.98499313388,143.32456243039982
1700064800,29681.694668219734,29684.435414193445,29680.288135406863,29683.9100228987,136.35848631376447
1700064860,29680.37381609307,29682.229499339297,29678.405008749305,29682.095051137745,113.95694797865514
1700064920,29687.130471109922,29688.882635770686,29686.91608602138,29687.286184558456,44.38421189777027
1700064980,29688.770408469696,29688.988480981283,29687.712824605143,29688.029182362618,236.21244912269398
1700065040,29687.301551733748,29694.297241347012,29687.548331353817,29689.353931069963,169.35482432967612
1700065100,29684.493448835714,29685.968914619127,29681.815949543296,29684.45393311604,81.96432445602227
1700065160,29669.313157276294,29668.786937628585,29663.863521928848,29667.676617198456,179.33447922380893
1700065220,29652.585612123163,29650.13696388569,29647.47957567424,29649.153114768193,124.09880678285278
1700065280,29657.874682355356,29658.861317891584,29655.616467984397,29656.992053367565,125.51321771106272
1700065340,29652.162365052194,29656.700896763195,29649.764410745945,29653.67165228654,109.14029442151438
1700065400,29641.965508111578,29650.428311865893,29645.271901233395,29646.518585490663,183.9699058484487
1700065460,29646.497432318964,29648.44353425006,29642.51644612727,29646.62065301134,107.7776783239728
1700065520,29657.690551076572,29659.289694946543,29655.27417229773,29656.15984004633,95.70457716338966
1700065580,29660.694137779214,29660.73450685404,29656.526839748283,29658.324207362646,233.38697766791037
1700065640,29649.347638330342,29654.68402485422,29648.446170075822,29650.451548122954,138.16483599617007
1700065700,29668.69629569551,29668.012272476535,29663.669511354205,29665.167063590743,139.91085139102634
1700065760,29683.016599423714,29685.56674798592,29684.10050505709,29684.117289626523,195.77883869079014
1700065820,29688.41654627787,29693.569905776287,29688.87442320129,29690.051969490396,113.63201851075111
1700065880,29700.863372720058,29705.83625406664,29700.04766383213,29701.735931626525,123.06820709939377
1700065940,29717.078774932168,29718.96665487211,29715.071327115656,29716.63945158829,167.71835393465747
1700066000,29729.070762078052,29735.136629579556,29726.27286590276,29730.200643385146,80.11386690588878
1700066060,29737.22795676824,29741.965317906455,29737.332994697816,29737.569833510497,162.13666954041742
1700066120,29746.30624575912,29745.734771423722,29742.80525457712,29744.749998075396,109.69627564359874
1700066180,29747.2851003108,29754.919704316333,29750.798347677654,29750.985924955552,208.96965227213065
1700066240,29738.52123162021,29740.822629082737,29733.164635030345,29737.81787286099,184.68752274233643
1700066300,29744.675046142405,29748.900607232343,29742.275503558147,29746.226550743304,175.18093302081172
1700066360,29734.794011655176,29732.526476022682,29725.04597509359,29729.956783089783,78.03961173817356
1700066420,29717.86864786272,29724.688645342198,29715.870786969805,29720.421589628284,142.4002624366916
1700066480,29733.12684295267,29739.1187343865,29734.485306581402,29736.06437044198,92.67450203979554
1700066540,29746.08734482006,29748.83554231958,29742.68909533266,29746.14701239431,146.24077962263195
1700066600,29762.878249801066,29764.240091404332,29762.46302143315,29763.99579187054,58.785082823679204
1700066660,29759.61866890308,29762.977213615086,29756.294643326644,29760.735699266294,80.13134434106256
1700066720,29748.194280310257,29751.4489209812,29744.85494882114,29746.908713170975,238.7969104297959
1700066780,29742.92922219525,29747.58215045285,29742.144029096606,29744.023466806128,172.02180987998463
1700066840,29746.86510331276,29745.5026122633,29740.67749865185,29745.247842373017,128.82741765490292
1700066900,29747.41322081639,29750.615668379854,29742.012005531,29746.195706969098,103.18285142994695
1700066960,29757.54598642775,29763.93320882106,29754.967804947355,29759.799872714175,96.18740586769444
1700067020,29753.515312232736,29758.198048671984,29755.132187186264,29755.464627614136,160.78407279156497
1700067080,29761.101792280002,29759.801068601682,29758.472346885577,29759.68904127577,129.35325546110369
1700067140,29749.292668169557,29750.637663572725,29746.32122674322,29747.825515482557,275.51962862341077
1700067200,29754.520516023993,29753.50226806871,29751.107562514306,29753.22932281908,137.84012678200776
1700067260,29751.801346288375,29754.868520219494,29750.900975191566,29753.266625421307,151.9403784560781
1700067320,29746.268834923514,29747.41341345641,29742.81150322156,29744.268865361893,85.16568655746055
1700067380,29740.725487737724,29746.003478435206,29737.486660900067,29741.438913015794,128.4731984142399
1700067440,29737.735110436344,29741.01778224391,29738.112583335187,29739.228804057613,159.30117008050996
1700067500,29736.163433406156,29740.287061419986,29732.504355939072,29735.98694250557,127.85358161162421
1700067560,29755.22291001905,29761.83484246478,29752.98419583482,29757.24303741278,122.21094225744632
1700067620,29756.670305724063,29756.16690478737,29753.043194189286,29756.061685385084,169.1462711326351
1700067680,29753.562643264944,29754.33207125172,29751.36413743349,29753.134932062956,272.0346132034791
1700067740,29729.9200130339,29731.514832067776,29727.026064360653,29727.965520571637,157.2737233516399
1700067800,29715.200677652643,29721.01924756328,29716.563301375863,29717.235032347882,234.55134365044725
1700067860,29715.611192148364,29716.04023550549,29710.35727755866,29714.078151254405,190.3074554730788
1700067920,29705.148375504858,29709.13169220415,29703.50225915237,29705.847919140288,229.00443034850952
1700067980,29722.571042395073,29725.48920334763,29722.196812504986,29722.42841026082,116.29290255977786
1700068040,29722.55472308229,29724.14803176407,29715.529959421354,29720.449156956067,136.62350471717303
1700068100,29737.12869423553,29739.50378008661,29732.55397203294,29735.910487947884,136.85070289179407
1700068160,29733.885199078406,29737.08029754644,29732.430030799354,29736.650943556488,184.6590025212836
1700068220,29736.69436250828,29737.88892849825,29734.906734236964,29737.09767759355,203.764543534648
1700068280,29738.050420903728,29736.69575595729,29731.254927116956,29736.032120220996,156.02597135610966
1700068340,29735.46701866576,29740.74007558967,29735.080050135835,29736.077675240456,210.7521146905206
1700068400,29756.99544334024,29761.270928518818,29755.777534662357,29756.70321527705,118.47090573513788
1700068460,29721.95979375155,29732.854947904023,29724.416212882188,29728.86788655604,211.48435437412454
1700068520,29704.27908994009,29705.432930426156,29700.390752302745,29704.849337622774,222.81097736378595
1700068580,29699.092537344233,29701.2026449997,29695.836190222606,29698.3312876501,194.6101911999024
1700068640,29695.665566397776,29699.4417753638,29697.876690456582,29698.50562223335,156.59579218881606
1700068700,29710.468947665104,29708.628795018314,29705.260793039502,29706.78687533052,197.41918938966478
1700068760,29712.27528139409,29713.799378090036,29708.69316001668,29712.46392170685,103.79296707960518
1700068820,29703.86411376292,29711.997625659722,29703.623011212276,29707.852970752283,160.6687682585073
1700068880,29720.3138936399,29720.80375206878,29718.34322133246,29720.081495071183,167.3695414410557
1700068940,29735.910441998312,29735.67473575207,29732.137671499935,29732.443839909018,87.19907601838928
1700069000,29735.444369813096,29739.572007203158,29731.32390047641,29734.652533884277,179.43871000399113
1700069060,29743.2953886722,29749.639697670384,29742.506939546925,29746.204424754116,90.05967532112284
1700069120,29748.724028722663,29749.872335360342,29747.356094535986,29749.476167915305,125.06488477605217
1700069180,29744.416083812936,29747.277619103723,29739.82288353582,29742.73837159391,150.79244935204795
1700069240,29752.48265927627,29754.32757205036,29746.17531617429,29751.11217366191,110.79763686437407
1700069300,29753.55893167515,29754.721086030877,29751.214538136053,29752.43953113285,153.3958163044488
1700069360,29751.733213525797,29755.75407168661,29749.59072082491,29752.455609293906,152.41739789829552
1700069420,29767.454659894305,29774.526273812546,29767.076250092367,29770.13105216018,106.90358401358098
1700069480,29738.6157405921,29743.106222757277,29737.97505063758,29740.7205866177,186.26861219770765
1700069540,29722.796352211568,29726.364983989846,29719.362728786065,29723.708376575785,109.32634485647877
1700069600,29712.126820979407,29711.72576845538,29706.43849379968,29709.463531459292,370.6246220152802
1700069660,29707.760268716454,29705.467360820086,29702.56495357651,29705.104403688467,142.0541709855468
1700069720,29700.98260160885,29705.984456285914,29701.434030517972,29702.049105651276,92.89616295475452
1700069780,29686.652140073864,29684.593256596207,29680.44515188153,29683.961197877998,100.10937051861809
1700069840,29672.590435532406,29674.11215154171,29671.478764682794,29672.139301490268,234.87000382635833
1700069900,29661.200900455617,29663.743315576026,29661.676351881168,29661.809201347987,126.00723678611749
1700069960,29693.573478443624,29692.698494413333,29688.85563463758,29691.298290452898,86.01265846436489
1700070020,29714.96771849458,29714.931729455337,29710.056967465123,29712.919193825863,208.82260232878772
1700070080,29708.16644294278,29711.068246365558,29702.982930506776,29707.978200813646,125.6839528164749
1700070140,29702.607900754916,29705.172137891004,29700.05356735769,29703.615201329965,192.74494847502456
1700070200,29687.701715822877,29690.687313052196,29685.581801762568,29689.824753363704,215.7728880384541
1700070260,29665.71308153546,29671.27402595754,29665.19524820985,29666.927188405003,165.6348084013409
1700070320,29665.377312978115,29670.378789417384,29662.9800527552,29665.5246261681,386.9761093870121
1700070380,29655.042791876287,29655.84332148855,29648.679057415862,29653.550402369172,74.4481569160328
1700070440,29654.674009980918,29654.167294550953,29650.445253228514,29652.532195989228,106.99905149514665
1700070500,29634.351479977366,29633.5671361896,29629.293273676696,29633.329725800708,133.97054979652808
1700070560,29623.36616113102,29624.370290004033,29621.55608671226,29624.186032300982,366.6726218674889
1700070620,29625.29631003136,29627.933967422843,29624.849748186967,29625.969557444616,304.6613975798734
1700070680,29634.563876589473,29635.01528270953,29627.46197943197,29630.364072618024,248.50832524254233
1700070740,29636.945090179463,29639.027278839938,29634.283425981077,29635.37373612293,108.02367582509608
1700070800,29617.118853209835,29621.2742154074,29619.512733363666,29619.527868313045,113.18165610459613
1700070860,29629.62566697906,29634.62432920058,29628.6046169973,29629.78409707467,106.54591147782799
1700070920,29623.015574541652,29622.325346231726,29619.21583755367,29620.181556715448,108.48688008394495
1700070980,29623.06420932754,29629.159815410607,29625.921245804737,29627.775851690734,269.63841099597994
1700071040,29627.706071035947,29629.77995379494,29623.205203052272,29627.648187571318,134.62500204160293
1700071100,29610.362869663757,29612.1892537173,29609.19227221439,29611.131537582383,141.93947497138157
1700071160,29606.538115615316,29611.76535897841,29603.111226989953,29607.337165127406,202.30060095239716
1700071220,29612.456720964492,29613.52739658426,29608.943464931515,29611.721530032173,76.29358131092395
1700071280,29620.53226196151,29622.366959420342,29619.039041076758,29619.07711459787,151.57163151797502
1700071340,29613.1419098584,29619.33049582267,29616.441576264016,29617.385259828534,95.70315911602405
1700071400,29633.76019477651,29640.275263605567,29631.110216289708,29635.766606515746,131.92505969408933
1700071460,29646.21286136537,29651.068639526165,29644.835868536597,29647.856735767586,117.38178269718264
1700071520,29643.624307987353,29647.218145822197,29640.129152077927,29644.77688637079,114.9856918109678
1700071580,29655.784982897156,29654.43906296234,29652.227748014917,29653.778348116433,162.42765825565075
1700071640,29674.42880955521,29681.493453252955,29673.40105804728,29676.983869938693,162.14408620607026
1700071700,29702.195950464113,29703.243769489447,29696.649559348603,29700.50968514809,135.92071860315536
1700071760,29685.207112981916,29687.198951443024,29680.895188564537,29685.773686578217,172.1340850226655
1700071820,29677.93406905526,29679.044923703415,29674.56440682849,29674.655289244332,104.85245627744243
1700071880,29696.556032386434,29692.746516822113,29687.713128609525,29692.47431468514,194.92879686801777
1700071940,29679.13835966978,29681.345326661736,29677.816990987067,29679.774942075088,136.6633211222004
1700072000,29665.522647009977,29666.5885904816,29659.71448644686,29663.904448475587,122.30703642125403
1700072060,29662.048454049793,29659.769190587416,29655.346554316093,29658.0701189072,107.99624687022992
1700072120,29662.031620415,29665.496510697787,29660.28959170573,29663.112839420894,134.7526688881937
1700072180,29657.64391739946,29663.205660203213,29660.087189500628,29661.88407894156,313.6430960735395
1700072240,29651.298194979532,29654.727730951356,29649.9349525448,29654.077315496692,144.70171590929874
1700072300,29646.501401726528,29646.17103664908,29644.666698101806,29645.986765955997,93.90076992009384
1700072360,29637.421030569654,29638.22695400761,29634.977514252154,29637.438721183047,214.3323026377846
1700072420,29625.10919312557,29631.649338209263,29624.0837331453,29626.884605639138,122.88250140562972
1700072480,29652.01994412678,29657.141215833133,29650.55159469931,29654.26420016645,166.25181582650177
1700072540,29658.52140445833,29660.279133647065,29655.47615633547,29657.834333020677,116.48188645325389
1700072600,29668.407086242085,29670.397060870062,29665.074027179337,29668.475441673534,247.72253923898262
1700072660,29662.005282442577,29666.148612786023,29660.180041574367,29662.606512056107,117.17822862969092
1700072720,29659.267279289317,29661.081329309403,29657.07842874508,29660.375031929874,259.6003132338293
1700072780,29652.078537037454,29653.193033491694,29648.441666772393,29651.812384153433,97.54323993333608
1700072840,29620.23205462454,29623.27139473272,29616.444676331754,29619.9918841344,132.00468913610766
1700072900,29600.69610815272,29605.851094635153,29599.339273842925,29603.455772812227,259.8223983562588
1700072960,29579.309307247575,29585.578811347255,29579.024735847663,29581.72834865246,158.74032482202654
1700073020,29553.77612217017,29559.216492536823,29553.76455249769,29554.73094331704,368.1853120303188
1700073080,29536.94841748542,29544.50349858232,29536.98843141737,29540.386635625466,133.26555881302485
1700073140,29557.058995302497,29557.20714234935,29555.900513360586,29556.286103778046,164.48463164395608
1700073200,29552.50692286833,29556.210220943227,29554.658094653285,29555.75286976559,318.00264769153586
1700073260,29570.154604026375,29572.086837916173,29567.27884727012,29571.239634913447,80.99850626285631
1700073320,29569.629373591826,29580.089079294255,29573.996075114606,29576.171425836255,77.08432763789092
1700073380,29587.947095598403,29590.131287192304,29583.071910906583,29585.56213174484,107.96388025646579
1700073440,29576.13005830562,29579.378612139706,29569.814383208766,29574.751367801186,205.4800760667094
1700073500,29580.201183595094,29582.529858198348,29579.86291682225,29581.038779251496,77.94937103672758
1700073560,29588.988881954432,29593.985056950456,29589.68558631271,29589.78335006039,188.4475318698657
1700073620,29578.96330458523,29585.54476022869,29582.306719505992,29582.863582553582,183.219095116855
1700073680,29590.914816367575,29593.69202624272,29588.355557702675,29589.578067000977,332.20627734425614
1700073740,29594.56248306649,29599.114144315776,29592.742719981896,29596.372320103877,225.47154623493978
1700073800,29587.45276264095,29590.50715474921,29585.898578490393,29589.777688650316,171.67790828366142
1700073860,29574.89517179862,29576.700565218427,29573.47702269299,29576.304467463062,255.61008401708858
1700073920,29564.016920164133,29566.88102322633,29560.819695486793,29562.094927480284,184.11518670524646
1700073980,29560.31747637283,29565.2620067655,29560.524284510706,29563.13299398334,123.4667610008173
1700074040,29564.598462546182,29568.8097156333,29566.98232462914,29567.057112408813,93.89317399664786
1700074100,29556.347633403737,29559.32831786716,29554.137797729607,29557.546802443318,118.18530316346961
1700074160,29557.45713116481,29559.760498596606,29554.794338762185,29557.86582653923,146.05312862129773
1700074220,29564.260054952803,29569.437255112367,29564.603288275986,29564.712270972894,159.17549921126783
1700074280,29572.288031133357,29572.444082485894,29568.045501380715,29572.130559548877,63.17582807117332
1700074340,29589.471550721843,29591.34842742726,29586.935988314537,29590.753120990346,135.93486892081228
1700074400,29606.01462127083,29610.02514855413,29604.53577224888,29606.07689097672,150.11965976135562
1700074460,29595.75844373435,29596.808441240348,29590.884510530486,29594.061393783646,184.75210951038298
1700074520,29616.361611587756,29614.907112087905,29611.256963480777,29614.264428298102,284.49632981325993
1700074580,29609.396782750737,29608.065010927323,29607.176808847296,29607.89271024343,159.85408240888975
1700074640,29619.986919507784,29621.552355734282,29619.464887487313,29620.431183992885,103.14903142436117
1700074700,29621.300935178366,29622.55107719405,29617.830992824358,29621.247023505497,71.71989943589871
1700074760,29615.870543377438,29616.372296111887,29611.633472732665,29616.301230964014,195.35225859972226
1700074820,29593.607242379625,29595.689321338403,29591.72744704322,29594.608868646716,104.83262767493368
1700074880,29593.80473637595,29596.24168920888,29589.711028796322,29592.55009452412,209.92173921724716
1700074940,29570.90617536376,29578.114664148638,29570.604087226933,29573.837495700453,259.5548532648735
1700075000,29585.98050818466,29589.936265679415,29583.242195029674,29585.445086530566,80.0274814338577
1700075060,29604.5134523858,29605.596168579454,29603.375738198727,29603.646598416235,185.22235522831215
1700075120,29593.118894070012,29595.680735174195,29592.101147311052,29594.083666544677,248.89944116093673
1700075180,29601.380335859656,29602.706619695946,29593.206054404316,29597.707315454907,223.0990247592175
1700075240,29590.583686090256,29592.849319445417,29584.977883188854,29589.00261719081,64.16437981871734
1700075300,29579.498654831787,29584.147560833706,29576.823682586284,29581.46080042917,105.48187973336609
1700075360,29594.229580733678,29592.028594039002,29589.99057894989,29590.754736875555,88.93695942615584
1700075420,29588.05712933957,29591.89880499786,29587.76248894824,29590.292277733435,182.98224056858132
1700075480,29608.145781103885,29613.744875980752,29608.24441346254,29611.168054236605,175.09534417082824
1700075540,29606.12017516782,29608.091679091125,29604.331636942206,29605.38126449217,50.44296281796518
1700075600,29616.789674947013,29617.441693703233,29616.36844928552,29617.373300481864,131.58688442082712
1700075660,29616.304087267654,29623.339261863715,29614.63209677414,29618.542261437357,204.4427391537922
1700075720,29629.025175930376,29630.969628791045,29624.732337969028,29628.09159755429,157.46298212118853
1700075780,29620.990154625277,29625.671496888375,29619.489767982253,29622.72570566633,157.3553726956803
1700075840,29623.473297205972,29623.18835528448,29620.796062325797,29622.13099961571,128.25269857019546
1700075900,29621.70021765079,29624.569948958127,29618.21116594289,29620.745013064123,97.16626891064816
1700075960,29612.311000614623,29614.398650286435,29610.59697791853,29610.712327685975,147.40408166400704
1700076020,29617.972011702564,29619.13309596798,29618.007575837953,29618.657306100955,151.53814576651348
1700076080,29624.144356062767,29629.435266029195,29623.869039854093,29626.460294167897,189.82485061421593
1700076140,29633.951176370996,29636.873919233414,29632.034589128605,29633.582950506763,196.0951439408916
1700076200,29654.569036673598,29656.20437922664,29647.19818956929,29652.026538353774,153.59888593582517
1700076260,29671.58408961318,29670.4491318632,29667.061252352272,29669.41867596861,229.97333003586525
1700076320,29664.13014084768,29669.307513674452,29664.501518908633,29664.91933969042,127.74423907270429
1700076380,29665.707734684842,29671.703372870168,29669.306755775353,29669.39596751163,83.29513732744908
1700076440,29661.125309241903,29662.39537733706,29658.28646987129,29661.91275924053,179.61604113341468
1700076500,29662.96681613521,29662.72112914146,29661.335489343655,29662.193023033906,156.10858483603278
1700076560,29653.46366171078,29655.985051912845,29654.056967799454,29654.99602964448,181.04988594945237
1700076620,29674.915870625286,29675.85062688404,29672.31783724091,29674.436873354112,89.49828478527442
1700076680,29679.557821592956,29681.283280180527,29677.48094821246,29678.801251158227,303.7844595943839
1700076740,29678.101819832365,29679.928657609697,29673.102016222245,29676.184901620974,197.1965536242686
1700076800,29687.691426794758,29691.441953993348,29688.07986194713,29690.50832448325,132.26417437053198
1700076860,29669.5393554007,29669.424198538203,29663.90368655832,29664.460939565706,102.08632119527147
1700076920,29638.69599002676,29641.099318086173,29636.368004187774,29640.29170842732,228.34584967185822
1700076980,29650.769262165555,29652.83866212857,29647.71247801789,29649.84177228996,95.51583900351368
1700077040,29651.38807513027,29655.212095846724,29647.51322206942,29650.567393667367,366.7006801702928
1700077100,29650.18811895826,29657.735286384883,29653.553037607835,29653.572749270497,116.13090242448979
1700077160,29639.084258215073,29640.89544203899,29634.523995863492,29637.655996030673,295.36210726163534
1700077220,29638.737329808526,29640.954656484424,29635.962942215316,29637.37719150047,137.85611357644066
1700077280,29661.680092903127,29662.09033255881,29658.947450709235,29661.419304425286,279.3034104349756
1700077340,29670.48200509121,29671.35801513164,29669.82109684373,29671.309699862835,110.61465637585961
1700077400,29674.229889969138,29675.51692232635,29668.364874681338,29673.34617840455,149.5356089490171
1700077460,29671.225249344363,29668.525126114982,29666.923319909733,29668.07753148329,204.77252565034422
1700077520,29665.074053622622,29665.131420070422,29658.77835925341,29663.34265726086,193.41359101640273
1700077580,29635.229614877528,29638.910996558305,29633.20244943131,29637.792282590457,230.5124176060684
1700077640,29640.73441406324,29645.465701253415,29638.77896437684,29640.883967641512,122.12085315927479
1700077700,29650.127590375887,29655.430044938334,29649.509749365676,29651.029764943294,153.53420086382417
1700077760,29632.645175431593,29636.217047259903,29630.217155282753,29632.122333017247,244.53426210328416
1700077820,29625.504325701913,29627.755051801636,29619.238634872607,29624.185330309567,111.93270016598895
1700077880,29606.940615823012,29611.066114368285,29607.201773586075,29610.295754722763,186.60916900922876
1700077940,29599.08792409916,29598.953377516053,29595.987639195955,29598.71154038506,135.95662541420356
1700078000,29600.240059665975,29602.622759196194,29599.173730500224,29599.35331990692,161.15226165485305
1700078060,29572.14820931435,29577.551784732936,29570.101278895076,29574.34049404706,153.5183473455752
1700078120,29583.156460025082,29583.55886073112,29581.29271202831,29581.711739307346,108.27634831207097
1700078180,29591.9474548341,29593.12143347873,29590.52313831138,29590.75800014655,133.71661179196082
1700078240,29587.724275722074,29590.190516031296,29586.370478659515,29587.744769090106,157.27138828000955
1700078300,29557.975726762113,29559.175907634024,29555.597323945003,29557.97626697029,142.43851038530673
1700078360,29545.500020762458,29547.5900765178,29541.542798658244,29546.019243458264,278.4098698606983
1700078420,29556.630728488704,29562.906014440814,29556.86367267208,29560.814066667495,222.28986374154593
1700078480,29526.805638806047,29530.49403044831,29526.489974576223,29527.478135298752,166.66606494163895
1700078540,29528.063962277934,29528.08695038252,29521.447456710295,29523.30785435243,109.37053564800277
1700078600,29508.49524712396,29511.84026805842,29505.24664368773,29509.147845010822,106.73944413528737
1700078660,29518.72692864086,29522.458508177555,29516.167226392496,29518.80268862984,326.85753857279684
1700078720,29510.614421155416,29514.736326716098,29509.828861494,29510.70132120412,99.09171402413031
1700078780,29515.056874834154,29516.11631005949,29513.568493439554,29515.548769452947,155.3287513475958
1700078840,29522.391651058326,29525.599917820746,29519.204615460425,29522.334294482975,171.46505514205893
1700078900,29544.474228745847,29546.779558161008,29539.502876185692,29544.369004559736,131.03579621275395
1700078960,29540.70761281609,29544.79585594687,29538.624640961352,29541.933701235634,99.39665827852272
1700079020,29547.530395265494,29546.63831834995,29546.365257859947,29546.446233671104,108.4231193495529
1700079080,29530.520940592854,29533.15664660431,29525.100526538412,29528.625567921576,119.27097425952037
1700079140,29536.862967775854,29547.67445142898,29541.656206643813,29542.9105306811,111.74314086892352
1700079200,29535.216139391807,29533.801834122667,29529.473629933174,29533.784424504243,252.41843258820782
1700079260,29526.85508871027,29528.119332495397,29525.135924994058,29527.05537453519,147.87237972441105
1700079320,29529.77972149875,29527.689371865545,29525.79032580823,29526.788400997,120.35907416785463
1700079380,29507.800852022818,29511.94031143932,29505.69405292037,29508.03378885292,154.90053752314935
1700079440,29512.645480301446,29513.769429495627,29509.503039328494,29510.779029200068,193.86893968266872
1700079500,29523.273570360867,29523.27529279165,29521.209517032676,29522.388624475167,129.30217636994692
1700079560,29523.813701025592,29529.97368513373,29523.037521353268,29525.903830357136,212.89360163593966
1700079620,29505.893040450235,29508.60443394602,29503.000328232738,29506.837059586993,89.25891380669
1700079680,29504.214529005887,29507.6556324365,29501.176576184236,29505.351348055035,237.1093560972948
1700079740,29517.79810456757,29516.192227917392,29512.267345538436,29514.255694890788,147.88265151552477
1700079800,29488.046039359542,29494.326730731405,29491.385810881213,29491.7198296992,145.59008840432384
1700079860,29481.20640015527,29481.22334987753,29476.40276254106,29478.822637533387,112.48211938519047
1700079920,29486.28403915378,29490.71408079568,29487.172253397224,29489.341160782365,90.81822195478227
1700079980,29490.53921826077,29494.7050861802,29491.597411251467,29492.58230599273,76.19769597400432
1700080040,29496.371299494684,29502.067650727524,29493.045240472533,29497.525964978253,109.38670241031095
1700080100,29521.54987223155,29522.35437335213,29514.96916140463,29519.839902669733,187.7421142143919
1700080160,29525.15935632217,29530.04446806392,29525.203800071642,29525.462536011808,101.03718638192287
1700080220,29534.299034958294,29536.107827376094,29529.37846023772,29533.357192137006,79.88760630907326
1700080280,29565.828059320615,29569.730224929946,29562.65755567392,29565.886138463626,103.16956282347809
1700080340,29563.820228284712,29564.78844031484,29562.01330247571,29563.32048376654,127.23893196685157
1700080400,29557.82311161626,29557.69795805334,29550.570110011704,29553.745890603117,129.2565916009641
1700080460,29556.635879080113,29560.201055447007,29558.236231423663,29558.87944738208,140.95530251791132
1700080520,29564.30955404785,29564.245089592965,29563.80030719326,29564.14733973475,224.3130315119978
1700080580,29558.7963558304,29558.630399747282,29552.859309656134,29557.826755031394,244.61896995073906
1700080640,29546.558645262397,29545.5462551719,29542.256141504444,29545.437990796738,331.0220541984303
1700080700,29572.439204709084,29577.891437071274,29571.89001073915,29573.156123861816,77.48133536239946
1700080760,29578.865758183063,29582.078130608563,29574.828075726953,29577.078245506473,105.38775278451766
1700080820,29572.801172046595,29572.101972247747,29563.54038001816,29568.290820929647,196.25092358634484
1700080880,29578.467724950588,29579.822625375764,29577.08835921507,29579.281984557005,123.76535985537635
1700080940,29576.934036742357,29582.46697003993,29573.470020078257,29577.97224273827,209.41430031025692
1700081000,29575.33692903181,29578.656546298786,29570.593619392563,29574.937665382455,161.23216937557615
1700081060,29583.980745595807,29583.34616242244,29579.964158264975,29581.68493984543,279.1311335194971
1700081120,29566.00448154487,29568.693742185693,29562.702307606265,29566.18235262665,225.22196917557937
1700081180,29573.342943810283,29573.722675779965,29567.11138655474,29570.413879073654,226.87668922780446
1700081240,29595.42379795981,29593.4895891448,29589.513277413334,29593.369336766435,125.87021753112705
1700081300,29600.46486458581,29601.4711732733,29597.133822891465,29598.963468712802,142.73869651423067
1700081360,29592.761045325617,29598.110900633674,29594.18774097491,29594.4489234674,131.35434786749082
1700081420,29589.088882003136,29589.304786961744,29587.508463896702,29588.363660102263,81.25912662062544
1700081480,29584.335313245672,29585.658533289516,29580.35681198375,29583.43958042212,267.38984902830015
1700081540,29576.482643254723,29583.054678931472,29576.51652735106,29580.392028285547,199.96751403648
1700081600,29575.15342489807,29579.536176752245,29572.07810671977,29575.85834989245,129.2811060720325
1700081660,29586.176098164393,29591.67635573931,29583.93567925977,29586.854087185344,250.09403896265474
1700081720,29566.79497943725,29570.296955686856,29565.63178721826,29566.055577946834,115.33638450682139
1700081780,29577.592321887052,29579.50717065293,29576.31313541585,29576.39957855178,71.14686150625934
1700081840,29576.216153130106,29574.761543624245,29567.93263146346,29571.84334025007,222.06006340509532
1700081900,29574.429232614566,29579.382647143775,29573.619831507465,29576.366713678413,88.99461895758861
1700081960,29561.946239344492,29565.568751969302,29558.929298242347,29562.842858756005,137.2343177997584
1700082020,29579.144763544624,29579.083245959493,29577.972489250802,29578.786431558197,161.16830897759303
1700082080,29594.008504483932,29597.225533053203,29591.696935226406,29593.73405108026,173.15482524643323
1700082140,29603.776848864738,29608.830821389907,29600.65329095387,29605.24913738926,208.37939288522944
1700082200,29590.1815002259,29589.634481891073,29586.214090123503,29587.07208007974,187.23051729716045
1700082260,29598.201295595638,29601.37347095954,29596.713898413465,29597.02153293253,184.92623403654375
1700082320,29604.152399709947,29605.241977997943,29598.612457065254,29601.87979398416,108.16948333103709
1700082380,29579.073520453592,29584.42986230785,29579.64385731546,29582.616539018567,166.95051028635967
1700082440,29580.57365934961,29582.423442181313,29577.56481788403,29582.32497041332,81.27024927293266
1700082500,29591.104769563986,29586.995192514205,29582.167042176443,29586.699384281717,277.2321049635596
1700082560,29596.399810820876,29595.131278875804,29589.625135616494,29593.372287567596,84.6880131568813
1700082620,29595.764115317696,29597.809950596973,29595.40363778159,29595.49942397098,129.20807178297792
1700082680,29599.939081397293,29599.82855657069,29596.592266131116,29598.99420097315,87.57103603411436
1700082740,29619.326302096342,29617.624179212304,29612.197027997503,29616.67753768019,110.82290598391533
1700082800,29627.500420123815,29632.541001393012,29629.221689158545,29631.389944599116,149.21248534012082
1700082860,29596.360205325756,29600.887851851603,29592.174556555656,29596.98528515372,120.12066276134215
1700082920,29592.226389849944,29597.03246170043,29589.91358259245,29593.17602249567,234.556970573948
1700082980,29592.584240063607,29593.11490509221,29590.65292452743,29591.20021016514,162.51339130173554
1700083040,29568.730478998063,29571.03684920034,29567.628666916484,29570.17502729242,123.3265984489628
1700083100,29572.06608951317,29571.859765916524,29567.82713831298,29571.305223991207,140.69117330620742
1700083160,29586.857003607547,29586.72596382037,29585.963472398933,29586.290317260133,241.74420979155113
1700083220,29572.029499025397,29575.207899199544,29571.528255284695,29573.251502945048,213.4811104934085
1700083280,29580.546309339443,29577.516026375928,29573.702908894054,29577.288314209323,94.11257220479361
1700083340,29563.104376762065,29567.966607667397,29565.51307567023,29566.298432481766,113.03972598774199
1700083400,29557.87070976816,29563.043154410316,29556.49378870626,29558.23548819761,179.45346519144584
1700083460,29573.40232339009,29578.501734885704,29572.514660195317,29575.96421180765,170.9458149089744
1700083520,29571.604357479548,29573.566741250488,29565.57581345699,29569.45351796631,97.49951303129366
1700083580,29576.846398082493,29575.646397563913,29572.407508865308,29575.000067834437,200.26683167461903
1700083640,29554.869250884905,29553.885844353754,29547.761162803206,29552.545450441707,103.92301076845025
1700083700,29574.392665833115,29579.625993401165,29570.26660688445,29574.893261178444,250.01744852894663
1700083760,29581.993123930286,29584.04285001879,29579.75790526458,29582.125090534122,183.4201939427338
1700083820,29580.86391606078,29583.17712306456,29579.133720371763,29579.935092422318,94.37065999857624
1700083880,29588.86978892809,29591.722284438132,29582.9769927229,29586.84165054232,120.10535541787563
1700083940,29572.457009934406,29572.6777561766,29568.708119517978,29569.923817394945,119.27309194760727
1700084000,29584.21115409692,29585.64091604212,29579.90007974598,29584.114186295978,158.21433882001995
1700084060,29581.157542549194,29582.886111269778,29577.29064728424,29580.226368990017,136.78484827012815
1700084120,29579.148748794152,29578.05072080609,29575.80706977745,29577.777534809436,93.86001166501683
1700084180,29568.78348845759,29572.439516800318,29569.09575063694,29571.877667429853,84.96983757961954
1700084240,29565.07450195329,29564.945706122166,29562.245806754614,29564.909850596905,184.8619506386873
1700084300,29570.70581206859,29577.66694814427,29568.622233706945,29573.245897936446,166.41667701742585
1700084360,29577.38328450306,29579.673182282193,29575.244964888887,29576.316780137695,154.81254886385392
1700084420,29583.648205266938,29585.6294066602,29579.496965571776,29584.137757834535,165.38775440183724
1700084480,29584.143173593216,29585.13802865674,29583.875516353404,29584.032221560705,115.86576711227868
1700084540,29593.58586391267,29593.60600229942,29586.34460288597,29590.190619293633,159.7478992777355
1700084600,29582.307757754003,29589.762094690457,29580.566093712976,29585.164434366532,409.69059398630395
1700084660,29612.19152367751,29613.416911918706,29609.950955508513,29611.921216463445,237.4190796843388
1700084720,29591.613215027013,29594.713847013212,29592.7407155313,29593.10605146628,132.2424023073202
1700084780,29609.74135679396,29612.508502975004,29604.213961691567,29608.237299349035,120.37974660516736
1700084840,29624.981877520848,29629.11906783711,29620.43786447923,29624.65218875769,47.26756075122803
1700084900,29616.159987805946,29618.99646592025,29612.744996146157,29614.4262830861,227.57450088363228
1700084960,29638.705569447244,29642.643337452806,29638.58459998434,29641.17756641277,203.2917504313956
1700085020,29652.500631113217,29653.7250126461,29649.076104468066,29653.123449808118,119.39875959935273
1700085080,29664.043010836627,29666.977105749982,29663.81690300374,29664.77711788999,83.70652461519776
1700085140,29662.39701584009,29666.592208460006,29661.968505352343,29665.1133841343,93.49360354995973
1700085200,29660.19398764188,29666.926003569737,29660.3535169381,29662.506670235678,177.28509535443916
1700085260,29658.46307923893,29660.17693902022,29659.12168554993,29659.993764311203,143.20307196055958
1700085320,29667.52358616111,29667.849533815217,29660.522930430783,29664.680131467037,195.7105549024449
1700085380,29682.885725006476,29686.02527359618,29679.87096260644,29681.49436676744,153.63463066306537
1700085440,29685.677913653803,29688.55348921581,29678.998006803507,29683.67013738178,218.48197849417477
1700085500,29671.27774651688,29675.98346690062,29669.888144555032,29672.73281390413,172.0577293329167
1700085560,29682.284634769254,29687.375553437865,29680.05338874583,29682.625938652753,206.75161641099618
1700085620,29696.460772476752,29694.058044922614,29691.563217888393,29693.67974760949,64.33646872011113
1700085680,29701.913150376888,29703.332053680846,29699.532307501584,29701.535661950864,90.58256650045469
1700085740,29713.4698735006,29710.525222315795,29706.391817454976,29710.48164882916,128.2856389561164
1700085800,29707.336824243408,29712.136430128223,29703.843007019837,29707.23051126727,228.56657257444925
1700085860,29699.393386269676,29700.596273655538,29692.214190606086,29696.082641261703,314.88638474895305
1700085920,29684.606665107243,29685.804582875255,29683.558899295957,29685.664320094013,138.97661576133186
1700085980,29665.28283586045,29666.12942436482,29664.731574989004,29666.03876111252,116.20640628571552
1700086040,29665.066247464376,29670.7169919216,29668.44781835843,29668.88214445107,67.89840760969098
1700086100,29666.185012473354,29669.173448886304,29663.99747910243,29667.88075905235,209.64707163187103
1700086160,29663.446735109643,29666.83556798421,29660.52452444541,29662.600906597996,119.09527105699513
1700086220,29625.4973405193,29627.935902722213,29624.58736274537,29627.133480705852,484.6048747907802
1700086280,29614.960998831415,29616.11891838303,29609.81895489354,29612.165671069524,110.41416502366292
1700086340,29627.540704093724,29628.388057386313,29623.460069604516,29625.61575888636,344.50549422990724
1700086400,29616.97396182145,29619.527205742626,29614.220749000266,29617.640246885603,200.2060234186956
1700086460,29626.28384634298,29622.69594582615,29618.92367643869,29621.967347017486,98.36590403193857
1700086520,29605.35344342765,29610.267578387582,29600.41885286456,29605.279121857784,162.85455721503968
1700086580,29624.584114230332,29625.633518250703,29621.849068107847,29622.543587646094,202.05747984673474
1700086640,29620.61264161513,29623.012166888275,29617.947659159272,29620.815255725436,135.6257322004799
1700086700,29626.451213199336,29626.151378266004,29623.97953966623,29624.29574048324,207.51281238970307
1700086760,29651.35660171091,29656.733739138977,29648.16550589228,29652.20509798582,205.69260873126532
1700086820,29670.363724345556,29674.508338233845,29667.320822526635,29670.402379192892,188.3939784734017
1700086880,29663.922859903687,29670.77952067929,29664.581697657486,29666.72359173745,147.43842821237888
1700086940,29659.591480450803,29662.685941883818,29655.593771245785,29659.604949519005,92.76078400064979
1700087000,29657.235694990693,29660.13819229425,29653.423396338312,29655.69840938077,143.92406726079557
1700087060,29662.310960074145,29663.3135802231,29660.67825788592,29661.81718836249,159.24212863171314
1700087120,29663.24297154551,29664.073029427294,29658.191994945926,29660.554498751477,70.07594984040864
1700087180,29654.999294502024,29657.833807723397,29655.457410028248,29655.811569011435,158.8077143076298
1700087240,29672.238043527315,29676.417738062744,29668.92843847175,29673.417744019946,142.77636058441706
1700087300,29667.108833245224,29677.03799032167,29668.392433444937,29672.04722531861,88.35383208061332
1700087360,29700.88596641627,29704.564918338438,29695.840715503986,29699.64229443506,129.90422442276082
1700087420,29701.266794347437,29703.29430028242,29696.35873867999,29700.731205200085,131.00840235598443
1700087480,29723.306542979655,29725.024343191606,29718.197162986704,29722.15502593078,321.19159473149097
1700087540,29726.018631601048,29730.929467848997,29724.283596052042,29726.44285900331,162.07307900284192
1700087600,29737.235004813345,29742.92656444487,29737.405203874678,29737.998385882303,224.62180033448192
1700087660,29729.409802952945,29733.19609227722,29727.436229364183,29729.303053264088,141.58126712652304
1700087720,29716.885290759295,29719.383864882835,29714.387519021144,29719.05794259304,70.13580214519806
1700087780,29725.80837306073,29726.187612724938,29719.82896159706,29724.57441405322,194.20935749442805
1700087840,29734.464704867023,29740.919864662406,29732.597698635185,29736.437052962803,114.06007783874406
1700087900,29735.84313527953,29740.761893516064,29735.897978071454,29736.92013098681,129.76951923622235
1700087960,29721.5074708056,29725.194576320926,29720.511161673483,29721.483410965804,97.39856722783666
1700088020,29705.79018385185,29708.499926722674,29700.76145301593,29705.160310570333,152.79652671763571
1700088080,29683.181338226637,29690.11099299226,29687.325094129043,29688.0346737441,227.25468403241646
1700088140,29668.45722569031,29668.839414990547,29663.90252100216,29666.823208388825,215.52895088832193
1700088200,29667.541166348252,29672.181695140145,29666.245774290794,29668.13703270219,279.91214976897317
1700088260,29683.13799790317,29683.106461221512,29680.12750472288,29681.637559762687,296.24410193815817
1700088320,29677.905328822344,29684.900729683093,29678.089660191203,29681.476570319588,65.47381605920899
1700088380,29652.577940573938,29657.982635848653,29649.553747848277,29654.351593231535,92.07024106982914
1700088440,29653.419167465203,29656.28524765433,29648.17429901632,29652.06246770752,72.00412209303238
1700088500,29649.083689761064,29651.70830770146,29647.67806678242,29650.108879747928,191.0952823552589
1700088560,29674.74547330808,29678.970311084828,29673.057307209623,29675.260864750635,112.47908423858276
1700088620,29658.80845931955,29658.307659283495,29653.23688885399,29657.7752097956,122.03743809169019
1700088680,29651.570750129955,29653.77738720917,29650.19654307204,29653.08707856441,136.09606915826086
1700088740,29672.778699948733,29675.64399093181,29671.07411561561,29673.557310730943,172.9544517648912
1700088800,29678.52565339933,29679.233179708877,29675.542871479447,29678.957050827103,81.93052080147314
1700088860,29685.800647131786,29690.45529931663,29684.531038623652,29685.7168077093,89.6985509872846
1700088920,29686.229711968386,29691.601300006132,29686.77314351571,29687.091820953585,148.49012869700294
1700088980,29690.592368094487,29691.295811895103,29686.775586215048,29691.051143417473,239.72642431163035
1700089040,29700.264271114764,29704.574016390277,29697.346149277317,29700.382457780815,146.91306814708233
1700089100,29691.95065378608,29693.212992824556,29689.844236447978,29690.668621954104,108.13020658145304
1700089160,29697.81779241948,29704.71513934287,29699.715085268497,29701.205324901002,62.847837546485295
1700089220,29686.830128585072,29689.163944544864,29679.779621135425,29684.729288698374,217.2546643811997
1700089280,29687.814431934596,29691.554576807743,29685.497586210036,29688.669704372354,110.56762671665828
1700089340,29691.45507741639,29691.396231433213,29687.63403522695,29690.814595931788,93.7869043412974
1700089400,29679.899984334585,29683.43197192592,29683.058260557442,29683.419078873485,74.72912502699592
1700089460,29684.953820644023,29685.63146323083,29678.301896898356,29683.146855569576,83.45934904623735
1700089520,29677.14690026111,29680.42253439821,29671.212459289793,29675.676373737588,101.03978112498669
1700089580,29664.755593941773,29665.679067173314,29660.07704560393,29662.815957815248,134.8901178994085
1700089640,29657.925650813984,29660.437276606328,29657.025636333634,29658.572580915887,91.51503887775941
1700089700,29648.070818610562,29645.479327376826,29641.834441149495,29645.324717291423,159.8575674003029
1700089760,29650.15534385006,29653.773183946934,29645.031414888184,29649.198286860545,134.48072820208054
1700089820,29639.701992576425,29637.033044235006,29631.4666538816,29635.397260930717,360.97074478555186
1700089880,29643.460142498352,29647.464872213186,29639.05574834637,29643.94098520661,75.05511823654601
1700089940,29630.763666108975,29633.23442240202,29626.578959398128,29629.763236391464,158.31579995761933
1700090000,29625.943810892353,29624.237113211333,29621.361570246696,29622.96769740449,159.11098786878551
1700090060,29613.30123769996,29615.79134403821,29612.982818440563,29615.472456505908,98.27572400666169
1700090120,29633.989551049177,29633.299219145767,29627.292631412653,29631.374217252407,154.1769484916002
1700090180,29633.74380921975,29636.923351668993,29634.01098366373,29635.337696599807,201.91316859857386
1700090240,29634.198972617247,29636.298172963634,29631.63984969455,29632.79689096927,154.25338277624772
1700090300,29635.57838150632,29642.880436740412,29635.157351360478,29638.78152426211,258.21308474960983
1700090360,29611.9961150163,29614.607443181114,29611.273078961578,29613.495216094154,62.111114647903264
1700090420,29614.99370876021,29615.618768367345,29608.894761042513,29612.977613018462,105.96476517868093
1700090480,29638.78194825654,29637.15082488906,29636.229365221323,29636.947783152118,267.74162211697467
1700090540,29637.3248908185,29639.60722034362,29636.857458913204,29638.53594122895,213.75073219945747
1700090600,29639.875655520405,29643.159707285595,29638.010399726034,29639.350899258985,184.2336307479666
1700090660,29646.26712482873,29649.895431417135,29642.439099074356,29645.92843981469,243.05461291799577
1700090720,29654.13122501092,29660.55772505172,29652.87905666783,29656.67570273446,68.94967209388442
1700090780,29634.20348016652,29633.418042044723,29630.42608894035,29632.706102419783,204.02535290924823
1700090840,29612.33559709394,29615.273358275634,29610.128037756298,29612.51818463829,227.18122908449448
1700090900,29613.132424544023,29617.155222203543,29614.38152071738,29615.041680131326,114.03665519714875
1700090960,29604.844926411784,29611.420592872528,29602.95402091949,29606.463161388554,424.83244628584066
1700091020,29622.526689870236,29625.477813880483,29617.245876367197,29622.207464535193,160.5394305530103
1700091080,29619.003183618275,29623.10138231355,29614.535762652413,29618.42537185657,61.73755291707622
1700091140,29598.688633953054,29595.937754553055,29594.095441412075,29595.211003028013,172.86462939954913
1700091200,29582.107326011217,29582.249202391387,29576.879222327916,29579.994836025886,111.2807166888017
1700091260,29546.36200533717,29550.85676179085,29545.523939737,29546.99872379032,236.51180203228535
1700091320,29544.46498172081,29546.028505983075,29544.03833457834,29544.189217342922,184.78215918796536
1700091380,29541.778753658622,29545.09115029652,29541.029493537473,29541.928607815753,116.84300207528369
1700091440,29534.7565480791,29539.393566160237,29536.32208743705,29536.83505529837,270.69176290972825
1700091500,29552.15624998485,29554.741250812815,29548.801940998885,29549.781603766725,216.10848401026212
1700091560,29564.63620240939,29565.033204505253,29560.185819697683,29564.163841804926,106.57319274587597
1700091620,29561.741758797827,29566.795924201302,29560.6550200545,29562.11918072465,139.65595974460825
1700091680,29537.91117659008,29538.51071148395,29532.717656960205,29536.50285671493,182.50301917413657
1700091740,29541.047281452982,29546.250200512724,29539.16592290662,29543.910235680836,128.29017558162468
1700091800,29548.757384819713,29553.21756784139,29547.703192847603,29550.57455842294,129.8318612677682
1700091860,29553.706990610644,29555.61409001199,29551.860212554773,29554.287257264823,150.60944230455803
1700091920,29562.476550697862,29570.883301469574,29562.31437837857,29566.06501425652,96.90010150167171
1700091980,29555.08486765821,29556.644513125164,29551.601626399523,29552.08707709899,60.75770251593594
1700092040,29576.20759429542,29581.056667234265,29574.051081295784,29576.19214173321,163.3106058557741
1700092100,29563.94633475764,29569.663606556554,29562.184885720846,29564.679008695508,66.98307799702569
1700092160,29575.498793915507,29577.018684297822,29569.514427269925,29573.669683821918,99.76171761965064
1700092220,29552.820082405324,29555.679938967987,29549.350423187803,29553.42151148896,73.06628599140782
1700092280,29544.471500229294,29546.5120047492,29538.017008442468,29542.258335241717,76.75528322419397
1700092340,29559.07364436587,29560.573783391603,29556.96539436308,29560.45475900242,176.01022142808318
1700092400,29555.208291590152,29561.495981349977,29554.671182090486,29557.32396112641,135.7855406298555
1700092460,29566.858365585747,29569.889462509058,29563.263635781288,29567.403032388003,133.83929883203555
1700092520,29573.952092682764,29573.61259718805,29565.880084976357,29570.246497052634,87.67521835697715
1700092580,29570.920586222965,29570.857229487345,29566.58457621734,29568.986999180634,114.16678031169452
1700092640,29584.2237830734,29587.19631884916,29580.424893540385,29585.353203079827,172.5318856407602
1700092700,29582.47089989698,29582.671882948056,29578.139206559106,29582.513297184003,145.35297489036333
1700092760,29566.532445128625,29563.263387045386,29558.592091566134,29561.14443989324,206.24599862422838
1700092820,29549.019898022085,29553.547329766916,29551.159120813085,29551.50555878982,218.33635899213502
1700092880,29557.84654652173,29559.24381504358,29556.99739927988,29558.11985953424,134.17059089863812
1700092940,29564.50411813859,29564.10258517829,29558.98397591371,29562.86596881059,70.74630334600081
1700093000,29542.071358612633,29546.98196770998,29543.505498522773,29544.061269807768,109.65532533744222
1700093060,29536.72423960068,29536.958016787565,29533.02015924327,29535.369159574868,142.72565450989137
1700093120,29529.76540761965,29532.53976292953,29525.36424242392,29528.38850338444,108.78845092469273
1700093180,29523.28616295304,29524.559793789354,29519.611134113216,29524.00286825507,97.33419005209285
1700093240,29503.929828273365,29510.380129924728,29503.256335877384,29507.49190519185,152.61232979052215
1700093300,29496.70427753847,29500.75167553011,29496.130062289118,29499.951451894416,392.3370301120323
1700093360,29490.488703073494,29493.849329205907,29489.169654858248,29491.208126071302,122.08588533168482
1700093420,29499.541753870748,29503.2292546232,29499.755278916735,29500.466525188447,148.24668236897136
1700093480,29508.592983056158,29513.387469352958,29506.82773437254,29510.17598092033,87.81090091201342
1700093540,29510.940222774003,29510.563380159627,29507.51981231082,29508.426255423263,244.04690050742798
1700093600,29502.43348119851,29506.26915129846,29500.91520545577,29503.721777872815,210.58665209814535
1700093660,29506.86901655357,29506.305632697688,29500.497478704965,29505.400869617282,204.8532062949878
1700093720,29494.965012194225,29497.917045076498,29492.85041944878,29495.601968327817,255.67786813472668
1700093780,29482.29491859702,29483.70513528728,29478.612199005507,29481.839983341808,125.09375024133459
1700093840,29469.554912180472,29473.88798435797,29467.169451475118,29470.5573288347,131.50342173289437
1700093900,29462.703363937027,29465.113679484522,29458.787629078663,29462.93957086704,294.10928405849955
1700093960,29455.123945811178,29452.874593524437,29446.802981879,29448.977885269534,191.1562661976226
1700094020,29450.56481655488,29453.05256047116,29448.43505047303,29450.92259997829,61.08774489209644
1700094080,29458.394882159093,29460.85804392856,29458.799327994067,29459.679188063692,178.02578338055076
1700094140,29439.742151757437,29442.00245204891,29437.56060901543,29440.634008454115,117.60373271000803
1700094200,29441.140724881123,29441.161979114164,29439.456762957085,29440.935552988707,212.5694439128519
1700094260,29435.012000061648,29440.995917498512,29435.758199701067,29438.29632344551,174.73598677470386
1700094320,29441.77168141371,29446.548832091456,29438.561641704404,29442.394427671952,73.97912023407774
1700094380,29441.36381585432,29446.084720988798,29442.1513129313,29442.23916245471,165.26199584470254
1700094440,29422.70698730743,29426.98491842722,29421.976393462606,29424.79597109553,161.45897585177514
1700094500,29408.922113509852,29410.627901284966,29408.78007442269,29409.647299509244,171.63755148062387
1700094560,29411.79641792309,29414.317804632752,29408.603465717344,29410.000382416263,186.8323219925183
1700094620,29427.22242828077,29422.629658623435,29422.172187052776,29422.34575345321,269.9903949020379
1700094680,29396.72974680473,29397.771618626706,29394.928191199764,29395.775505000693,175.13473567750103
1700094740,29398.40233290655,29404.20729967023,29394.991076991875,29399.92422395831,149.77877680693837
1700094800,29414.905880684597,29416.165571458783,29409.207074215767,29414.199688021763,234.90637292589673
1700094860,29410.761020762726,29412.952754861075,29408.76413790784,29412.36337750729,363.9790421382605
1700094920,29418.668351107768,29420.295554961336,29415.906523185753,29418.96580745961,214.01118963464378
1700094980,29407.952846348308,29413.529125697547,29406.64394372334,29410.528978488834,161.17366540021766
1700095040,29409.68701751175,29409.856763635984,29404.613812736585,29409.09658409751,176.44553054039704
1700095100,29388.710392224675,29392.920298512025,29387.049096579984,29389.64562187781,164.418910562496
1700095160,29360.501732047716,29363.704311832782,29361.337082179696,29361.513502176786,149.51659142573462
1700095220,29369.823488046226,29374.49863929559,29369.27971268859,29372.826691791488,352.8589255085788
1700095280,29364.420027271462,29362.21138006141,29356.083740148435,29361.006752658795,109.98881186192445
1700095340,29356.45723506786,29359.65706844804,29354.250153738896,29355.540418518754,235.559216345174
1700095400,29337.206079268737,29340.886481216832,29336.58578365221,29338.903111479514,141.12658067235057
1700095460,29318.89168208295,29325.67587137054,29320.17710303725,29321.983475042507,82.09132375989125
1700095520,29319.417279616086,29322.099198604556,29317.94508517022,29319.89742264137,137.6443111775115
1700095580,29311.727904640586,29311.601832246175,29307.535496342367,29311.142496311742,119.25805402701883
1700095640,29314.16391155033,29317.880678163518,29313.7861263389,29315.67814828768,186.98547263015246
1700095700,29319.37120396497,29323.647048214112,29316.40318868814,29321.108609315434,153.93340734621304
1700095760,29325.678128428666,29327.2480160388,29321.010512802513,29324.958805071332,98.61163478951512
1700095820,29327.16139993812,29331.903223121215,29327.683779437033,29327.822014562473,267.3084313766673
1700095880,29344.39417849683,29351.309489766867,29342.662488611484,29346.755233021653,229.5345589422281
1700095940,29330.163189806568,29337.87800116917,29330.079820680923,29333.944107793115,279.89714960168493
1700096000,29331.79967948021,29336.198798909736,29330.702420756774,29333.28488939868,163.168900812957
1700096060,29346.78888945158,29349.58441704769,29344.393080261183,29346.877167244915,146.30694424480052
1700096120,29362.15979530905,29365.274725107593,29357.87401043964,29362.051644956973,196.6497432086254
1700096180,29343.87568805045,29346.429632647036,29342.86655471902,29344.990481164838,117.80255869257508
1700096240,29341.473561549927,29345.30145009571,29340.444904148502,29341.242215864968,156.33854590339183
1700096300,29357.160388017328,29361.82390990339,29355.975174851126,29357.539669015372,138.34199447585505
1700096360,29365.752370806826,29364.972704093674,29362.310606260977,29363.636618277764,82.73032925959735
1700096420,29363.38566026254,29370.49386569622,29362.57447950726,29365.97977465552,156.17578533670707
1700096480,29365.6479277886,29367.611221954263,29362.4731915841,29363.367558334303,124.4138170041662
1700096540,29359.626170746717,29360.884381063224,29355.53808504365,29358.761947225812,134.6904435055317
1700096600,29362.02538946119,29366.76557699336,29359.890741246574,29362.220575982894,171.65969135043184
1700096660,29355.210112723304,29359.79428145214,29354.993781836023,29359.192086483083,246.9073718634755
1700096720,29359.52650900025,29358.821075826592,29356.25614931446,29358.681143030546,105.68806406858762
1700096780,29360.956359131847,29361.363661631898,29354.97530783108,29359.624327503927,129.719796665245
1700096840,29352.589102996673,29354.31464765614,29346.98512352258,29351.487469162006,109.28584943778536
1700096900,29354.555227313358,29359.630234721248,29356.946583753062,29357.873021648582,106.47686855374378
1700096960,29398.46865141658,29397.554296097926,29389.413125667812,29392.84395742957,116.99982306598702
1700097020,29373.525593781953,29372.793668902934,29370.446994012054,29371.520117757656,137.19727956804024
1700097080,29369.94569062962,29376.8143350159,29371.291746516785,29375.408268047937,187.60687119698943
1700097140,29365.104222837526,29369.460125047233,29363.107371211827,29366.28598698451,168.70950083779533
1700097200,29375.42678781342,29373.23413732645,29371.74422944333,29373.21481791474,97.24729822520779
1700097260,29373.857343559022,29377.411292856446,29372.527889452755,29373.773507594673,249.05260259794562
1700097320,29382.780855751047,29384.803112298647,29380.767876607955,29382.915764883182,216.5377555113164
1700097380,29395.329593309478,29401.910583139506,29393.018228943984,29397.02184380129,103.49525225864419
1700097440,29395.651893208862,29402.787985179653,29395.350089169307,29399.330897214506,242.1710650406744
1700097500,29412.13842131292,29413.17659945089,29412.748643547704,29412.915524675478,169.14821882804281
1700097560,29385.863526556037,29385.24708899372,29383.272513872656,29384.78394995001,139.40981138744593
1700097620,29402.29520864081,29404.31021805963,29401.75512270766,29403.869377525007,171.26841732649592
1700097680,29409.76662874144,29413.133234647175,29405.442213280494,29408.370123347715,146.89112729789173
1700097740,29423.37091860863,29424.724501322744,29420.55660857258,29421.304243616654,184.57049215164466
1700097800,29410.18555242247,29408.803764715,29404.989319575914,29406.665734678558,159.9603879472753
1700097860,29399.826752888293,29397.698909548693,29392.26851099645,29396.696496099292,129.67477421704427
1700097920,29400.240645941278,29402.81595436121,29396.06501806196,29398.44775562903,66.00096059138572
1700097980,29400.59888049238,29399.251080595335,29394.522584826762,29398.24330095698,183.25397207585937
1700098040,29401.013650958354,29405.17352009548,29399.21623148062,29401.6401240131,127.80911843378051
1700098100,29417.05310959591,29418.470927751987,29412.329393062257,29414.65430594426,202.58886784986345
1700098160,29399.758994764677,29394.944942604903,29390.36203453521,29393.471662160628,179.94837872712893
1700098220,29407.245314570413,29407.682064707085,29403.860668460286,29405.157491021233,129.1448077572259
1700098280,29406.20059323617,29406.37182035232,29404.007863444196,29405.25687394073,223.45169846140672
1700098340,29404.022390582977,29404.70613989451,29397.864722332775,29402.811491607234,161.08572307293764
1700098400,29382.119059435994,29389.983780786013,29380.813148748017,29385.158108794614,158.45286049424655
1700098460,29392.421777933716,29394.660382988408,29387.50591833289,29391.194692815137,140.4365415663731
1700098520,29360.463551676366,29366.45846963372,29361.539675907487,29362.225398602764,291.0288155844113
1700098580,29370.04409193699,29372.709124594963,29369.855003181707,29370.00612673763,111.57458693297704
1700098640,29352.185466163297,29353.29605542271,29351.223794190966,29352.100856711953,130.44219585786823
1700098700,29354.41311224106,29356.3067509467,29348.053696840827,29352.742351663364,90.47430990621557
1700098760,29351.42989091859,29353.815165419383,29347.230876764184,29351.31232561543,198.48081209176235
1700098820,29366.87697563675,29366.23102772349,29362.731403320515,29365.346783382956,117.58252146932591
1700098880,29362.86287272628,29365.26507080288,29358.359018397947,29363.20292135479,122.975576093486
1700098940,29355.34575788629,29358.047459716123,29354.14034810653,29354.873258621043,120.69000875090889
1700099000,29350.68328213577,29352.4706855528,29345.99827406936,29348.79402626939,152.183764321818
1700099060,29362.08483081504,29365.284723473895,29363.152508862448,29364.068619494443,89.98978520226902
1700099120,29369.650502164568,29374.88416982136,29368.97204010059,29370.504183124613,60.50354107922521
1700099180,29366.77274881462,29367.77437888171,29361.17594825152,29365.876623346336,178.23120553777912
1700099240,29362.74828021269,29364.394949896225,29358.697873724017,29363.03926630676,63.72499791341009
1700099300,29344.400786262737,29345.208741497005,29343.72414729158,29344.233141219735,208.85810826737747
1700099360,29350.63001350448,29352.915688301968,29347.64711260215,29348.894831629954,276.83207635473184
1700099420,29327.636050679565,29329.54786601244,29324.8045057897,29327.77704313761,138.97728165280697
1700099480,29338.04062423725,29339.215595867074,29336.49183679093,29336.798600727634,249.58441101818542
1700099540,29340.231927508772,29339.45615895535,29335.591636600773,29338.34205983753,146.98013361693125
1700099600,29370.231016092952,29370.41593678826,29364.063024253446,29366.985481432417,281.3772972686243
1700099660,29354.501069494803,29357.68902182549,29352.32901888107,29353.783854787725,123.6571552374261
1700099720,29351.41796837607,29354.249035940004,29351.08629479461,29352.551909695238,57.630231141655955
1700099780,29375.52068081307,29378.85675903317,29372.985965762462,29374.131362106313,143.74419587741951
1700099840,29383.386620405494,29388.58109083761,29383.74965593883,29388.42803778981,293.8840428210064
1700099900,29378.302121863544,29380.73820868722,29378.129137467356,29380.07349317085,183.82557064770842
1700099960,29380.152442046015,29385.70503746914,29379.834756995766,29382.761102311335,120.76792256826624
1700100020,29381.19460856417,29386.292128898556,29381.277221717046,29382.785094588315,169.28106969114097
1700100080,29382.46283504717,29387.421979944593,29382.655244974972,29386.168564997046,218.86386934565763
1700100140,29379.35840373217,29380.554755249683,29377.277193409933,29377.784399765227,143.41656312140134
1700100200,29381.834029704136,29378.304486168032,29376.354347217348,29376.71255493282,424.3489169419015
1700100260,29358.4281776462,29360.306372657604,29353.814507626586,29357.535926429497,120.66677457101649
1700100320,29358.04097070082,29362.454046240735,29355.52406806034,29359.157407851915,221.62888388439566
1700100380,29364.25462198948,29369.42169620082,29363.23264925227,29364.557655932975,201.29568456618333
1700100440,29361.277677759317,29364.107107281357,29360.053389417626,29361.82862298125,112.175995923094
1700100500,29339.806192288892,29345.68909249559,29337.661709787568,29342.448012294233,125.2389976585365
1700100560,29353.546279499522,29357.20059088805,29353.78874317347,29354.310394648448,223.01509483041292
1700100620,29357.086869249182,29360.2724695738,29357.76895977163,29358.684695104363,157.26230678182006
1700100680,29351.851639415658,29351.23783459044,29347.822322107088,29349.972513931953,169.90317070559843
1700100740,29348.796095948328,29351.544662178618,29345.194814039616,29346.605308569895,77.13931389969403
1700100800,29325.369047890465,29329.63153754502,29325.35223299335,29328.597275736513,192.94389787546322
1700100860,29316.090551132886,29320.24373053855,29312.839345588443,29316.29235420318,166.48725128548816
1700100920,29311.085076413783,29310.571555001996,29307.20667762744,29309.83861804689,144.66720851830794
1700100980,29325.82245678135,29328.60142414106,29321.52368128724,29324.579667794253,171.46115598259092
1700101040,29318.20387334688,29317.83426931855,29314.738522943502,29316.905627103602,126.00390734563506
1700101100,29326.00610905764,29329.42397423563,29320.786254746923,29324.588191015548,117.12467883057514
1700101160,29320.69469218642,29321.558334864083,29317.91790409198,29318.12839658121,134.7263638987818
1700101220,29324.104608115875,29321.55435852981,29319.539310628155,29321.103767311433,123.26280828165251
1700101280,29319.797030041016,29322.872906883003,29315.984871078734,29319.407021285708,355.0333839739673
1700101340,29331.06955222746,29332.901804300727,29328.23547494744,29329.88370048682,213.73742838998228
1700101400,29321.251645857308,29325.153695661666,29323.073288025982,29323.465964428196,100.7470006752869
1700101460,29304.009472121634,29305.89930541695,29302.87055828583,29304.595625428166,335.1299613439197
1700101520,29287.48160169165,29291.606040960545,29284.45476319286,29288.012237051804,124.81808476657555
1700101580,29283.1159479396,29285.33651398924,29281.019782798227,29281.62970712449,150.17212661650632
1700101640,29266.883044307917,29268.27701672112,29263.0178306553,29266.640987476356,212.50528910753366
1700101700,29270.841529457248,29275.944667218708,29267.68625308272,29271.56353166451,67.49169696867767
1700101760,29264.541922206787,29267.318449780654,29262.7978099641,29265.974313686213,134.98850966501934
1700101820,29294.657375939565,29294.818914416403,29293.248422043736,29294.46959228653,117.99785656686885
1700101880,29271.458769586236,29276.61635636902,29269.59054035891,29273.617017144883,161.10108608101524
1700101940,29276.044636671584,29276.595968153557,29274.98840278051,29276.0606152894,172.0903919404735
1700102000,29260.9394847703,29263.908499328667,29257.99607424648,29262.525179007334,143.8967824281934
1700102060,29257.58406733992,29259.140294887984,29253.07113442703,29256.604362922742,141.25137164329672
1700102120,29261.926573335964,29259.733194714612,29258.027796969593,29258.301396602827,227.25041268559985
1700102180,29229.8602221283,29231.471921816435,29226.400504511028,29230.396940104336,167.43485866560394
1700102240,29231.788205379497,29236.75478058032,29230.70668580399,29233.23885350579,150.89285328071028
1700102300,29254.923048389468,29258.808739760094,29253.810498571518,29256.073743053083,157.4563436366678
1700102360,29249.788110149784,29254.83128971391,29248.529927509167,29250.63248347266,309.31358454431455
1700102420,29254.447351686234,29256.6563757276,29250.71702742212,29253.750177754326,159.02629895788593
1700102480,29267.662730574724,29268.4664741307,29262.426345567917,29266.04923807183,120.81018538094229
1700102540,29262.97833953342,29265.38807782956,29259.601912992883,29264.081796071507,69.15845800788246
1700102600,29256.25737897673,29261.070603184584,29255.74554974439,29257.11027380913,83.63190201809856
1700102660,29230.923235146154,29230.78579200729,29226.647555599913,29229.801436964466,123.1237124240706
1700102720,29235.274477218823,29238.70446765207,29234.061612539866,29237.493325597206,142.11680109465672
1700102780,29237.901035709558,29240.343247664227,29232.761318981527,29236.13530468046,118.83683480548018
1700102840,29225.150145221385,29227.68906109245,29221.51809522489,29223.983098463803,170.79390416520874
1700102900,29222.22940856245,29228.56662643203,29223.547146246114,29225.502258987133,118.22585047430898
1700102960,29216.760930829994,29218.692697359395,29214.686200620126,29218.49809470546,102.94597045855716
1700103020,29212.872999743857,29212.793269223497,29210.65693211187,29212.156981132073,189.62672492677865
1700103080,29218.85771358609,29221.932262306316,29218.392209193385,29219.43247500538,256.66142368025754
1700103140,29203.062301580445,29207.103580686908,29200.64274010069,29203.371886069493,95.3098307250008
1700103200,29221.430897232334,29218.26017382334,29214.60161521407,29215.93966950238,163.61013064069667
1700103260,29200.980383443904,29199.25390066703,29199.001269731136,29199.167435544958,69.26904579181547
1700103320,29191.31671187891,29192.13636863803,29190.95713992778,29191.215018644692,82.28466400320141
1700103380,29215.003595926613,29217.234206471596,29210.81532034156,29214.290372973494,117.27172392109226
1700103440,29227.32442498354,29231.28971541164,29222.95290088324,29227.8186301132,233.68269081063906
1700103500,29226.73091339725,29229.157019586706,29226.716436105016,29228.989878023145,108.6919341060559
1700103560,29218.346587006443,29217.920174204435,29216.96820980921,29217.703515437133,107.07824298598469
1700103620,29213.46755734898,29212.658798334018,29207.261831704087,29211.352247756735,150.57102695456734
1700103680,29211.581848214737,29212.649060008695,29210.92437204689,29212.23155153176,150.63104624123542
1700103740,29213.335076986972,29215.391561480803,29207.703698011817,29212.681830319838,108.41293526487114
1700103800,29211.90350616597,29212.209889074107,29208.775058335188,29211.591379164325,328.48416306189745
1700103860,29211.804936433622,29214.462485669825,29210.058226252517,29211.221388995316,133.46705265027492
1700103920,29204.16521207883,29212.535014275392,29206.168863831233,29208.648887678853,155.31168875465409
1700103980,29195.826551373168,29196.197726169932,29189.668236492023,29191.345142851173,126.37936097005714
1700104040,29185.92368175151,29189.88904875343,29181.249654022107,29185.147013945243,176.97148623169147
1700104100,29196.129880644385,29197.489328344265,29195.593423164046,29196.122502593087,243.2240472944432
1700104160,29181.264776007036,29179.84953903559,29175.41747743731,29179.70249102247,288.7223439676181
1700104220,29175.628173219746,29179.07488596456,29173.591140412682,29177.427824884002,109.40906306116483
1700104280,29165.964262381312,29171.133178332315,29163.283958719243,29167.59077773875,230.51549198389915
1700104340,29169.022492128504,29169.22598893789,29164.452014161317,29168.926982891528,184.91057462748847
1700104400,29164.804732229415,29166.061948007085,29163.11449560401,29164.263384718728,219.1627586092253
1700104460,29182.216022366883,29183.482281436154,29179.38707966228,29181.99210869842,143.05773512672098
1700104520,29188.280679856,29189.1678347278,29183.82149544787,29188.071106548705,137.71463621575276
1700104580,29172.48621461563,29175.86012233303,29170.442528698797,29172.32946855938,215.7857156913822
1700104640,29180.76020290178,29183.679689723867,29180.082166814766,29180.384204698745,217.4300093006875
1700104700,29170.583483794413,29173.765852893768,29169.630210640906,29171.088382423597,277.6297039318867
1700104760,29162.65800183741,29168.718299165477,29162.954824409695,29164.16442596707,160.68067689631272
1700104820,29170.39077450355,29168.445948472006,29163.57994111491,29167.930254208353,142.19994761025285
1700104880,29164.13061297006,29162.777731293983,29159.710053424547,29162.029285171593,55.48199579328621
1700104940,29176.240591026435,29174.660803363564,29169.325833780236,29172.743554967466,77.90544009691428
1700105000,29161.716639428592,29166.72884448862,29158.63883848085,29163.449434229307,126.7604846175796
1700105060,29155.52142901183,29158.94247205944,29154.526136336284,29156.02207559821,95.54300186998121
1700105120,29147.135089843767,29148.51583831297,29144.339627087997,29148.145624875633,205.54237687344644
1700105180,29144.2169563721,29146.150083914104,29141.24413928778,29141.357959895373,87.88170206331712
1700105240,29150.978362316186,29156.073582644254,29154.02767768539,29154.548258561947,121.44703826067521
1700105300,29163.31151590156,29163.888677154187,29161.284488635254,29162.09381408527,123.37017674754277
1700105360,29182.276729919195,29185.731290528634,29181.051049849055,29182.613141533417,240.30218448527964
1700105420,29208.11610265885,29214.550699567506,29207.80993590456,29209.824871980207,116.36182299907203
1700105480,29199.430227108613,29200.769708792537,29195.071188143356,29197.45626759702,177.85433049119945
1700105540,29199.39394584197,29203.075163772683,29197.074640393526,29198.301297124945,160.49815561505955
1700105600,29183.828549776023,29185.124848919324,29183.855816727173,29184.186893325223,213.00494772146448
1700105660,29169.140676041316,29177.94967183711,29171.468006733045,29174.855622192244,208.53064750043663
1700105720,29166.692382583475,29171.43902652856,29167.176325301505,29167.294632069177,146.44119592180877
1700105780,29151.396051278258,29157.153895920794,29150.561420405225,29154.60877357952,75.30015512955114
1700105840,29139.57478001435,29143.796994683882,29137.34035217898,29141.986126304735,135.27417507026206
1700105900,29139.518693689504,29145.178506412652,29136.702869194196,29140.254713762493,147.23320262740722
1700105960,29127.632484285117,29126.35902944384,29122.674290155483,29125.654092741857,166.40152504202246
1700106020,29133.64010902987,29137.81426388915,29132.474523604866,29135.759616251507,110.49584759342471
1700106080,29127.742794485795,29129.113442565304,29121.48546356941,29124.7465738025,234.24333011782974
1700106140,29155.259651196302,29162.963805176187,29153.802875763322,29158.461401443656,149.22388578156702
1700106200,29152.644777415648,29157.946698539883,29148.223258676113,29153.044788032083,102.69886454898025
1700106260,29159.209446829682,29158.333237696406,29151.775441525544,29153.908999735086,123.5577755017506
1700106320,29139.04591771156,29138.619690648433,29135.279509640754,29138.364905521496,320.9922763375278
1700106380,29157.53011097718,29163.486839117162,29154.823971350354,29158.838006619026,193.59167195940097
1700106440,29172.74606253474,29174.412850745695,29172.2668240028,29172.27201478866,225.73971279079268
1700106500,29174.40499361551,29179.093101174778,29173.199925653356,29175.835005237495,97.84310360600664
1700106560,29161.373422987563,29161.644753997974,29156.40899295305,29159.67337465214,112.67055557155189
1700106620,29164.81334193041,29166.269717567902,29158.61534993615,29162.201377184836,113.00488836540521
1700106680,29148.887095438724,29151.623801014244,29146.900257585647,29148.74420463263,159.77354916955636
1700106740,29166.229336459728,29170.52019100708,29164.81424569125,29166.29246779431,138.43477382233058
1700106800,29176.69957327867,29176.97166193415,29175.092091743707,29176.002804576547,122.0221072759567
1700106860,29174.693490745114,29178.072988512173,29174.358995293136,29177.1480730384,128.30011436372365
1700106920,29149.611979829708,29150.113449087356,29143.31504791817,29147.91156507943,108.02751090956215
1700106980,29135.484242120856,29136.134331060333,29131.6306825819,29136.11057333552,138.1119081616027
1700107040,29144.227766972395,29147.827971689203,29142.563877278935,29144.363706914723,231.6635801080908
1700107100,29162.03174311967,29160.398579854438,29157.629035515707,29158.9183112154,81.0239070086823
1700107160,29174.866409320643,29175.014845684374,29168.28437983995,29172.228348953304,170.4755310385284
1700107220,29153.10037089391,29153.474210728713,29149.499292835186,29153.124192926407,257.76210294951477
1700107280,29152.780420610787,29157.596042405075,29154.21612145247,29156.74282060816,137.92708287842947
1700107340,29167.77046358216,29172.04329905607,29166.983851908262,29168.929003205958,120.11499653281855
1700107400,29152.48024606926,29150.557289554523,29148.409986900242,29149.02897641897,214.7968278023629
1700107460,29155.155098364732,29150.00773194742,29145.00842928903,29148.934122234492,100.11417145247444
1700107520,29150.754123828185,29153.36446351823,29149.132908796288,29152.220231014195,147.0721654911363
1700107580,29148.80348296189,29149.68515281966,29146.72664759734,29148.611055996033,97.91133848581913
1700107640,29124.102581792198,29129.499368478373,29121.791173850885,29126.38511373122,70.24292644644045
1700107700,29124.238172251753,29123.315192482678,29119.178372878272,29122.47673641033,139.65935709960087
1700107760,29117.848646251554,29120.36260304317,29113.902876913053,29118.54907124727,89.53610705379947
1700107820,29115.079855466643,29120.211636720665,29114.400140091,29116.772202392698,147.72195060879457
1700107880,29110.90547256401,29112.578900574335,29107.737456167277,29110.010545287598,231.83173996149893
1700107940,29105.546570589162,29107.680803802577,29100.00820299713,29104.6943994487,311.59434409854106
1700108000,29104.16739839834,29105.472458957855,29099.41896691932,29104.217924060536,154.0707193519825
1700108060,29108.442026627054,29114.190953686,29104.72354272578,29109.527379320174,223.11477670391122
1700108120,29105.90292617492,29107.943654407478,29101.779771196358,29105.874258165895,174.09220280465433
1700108180,29099.01047834996,29102.39329070854,29098.646440301356,29100.95847102548,127.32648737850542
1700108240,29102.990589863064,29106.58835040482,29101.015223013186,29102.06671948453,68.72337978436234
1700108300,29081.672518784715,29082.29217645011,29077.0985239674,29079.01572837379,284.4612188257463
1700108360,29080.78619916428,29087.809879216198,29080.048662442918,29084.740149900506,97.54942028338044
1700108420,29085.942660208115,29089.16706599586,29082.915621259628,29084.73339273503,258.0383880041426
1700108480,29086.346599221637,29085.50241648556,29081.426127920084,29085.209715054203,183.9608662757829
1700108540,29096.87013338748,29100.926924305375,29092.12350498988,29096.738526745336,100.44345033513827
1700108600,29073.170378165447,29076.694062206283,29068.452779570347,29073.304740384756,168.14040000897094
1700108660,29050.392101231424,29051.418697920348,29044.880363212073,29049.61873394645,348.3349178297971
1700108720,29052.939247884227,29054.18613680295,29050.12909210172,29052.90438009033,274.3105976211702
1700108780,29052.898502291646,29053.343007328196,29050.359577455536,29052.81897782879,120.89407845400983
1700108840,29054.51146249305,29059.566471998325,29049.922898603254,29054.861101147093,111.63199436584895
1700108900,29054.030551162996,29050.02513676167,29048.22468022212,29049.315576245022,154.48286977167263
1700108960,29053.526067721887,29058.58501301456,29056.35016902748,29057.287820335903,138.90559203929368
1700109020,29068.774063078865,29071.935022349644,29063.66357496307,29068.479486451797,239.82151382195593
1700109080,29073.12602874032,29077.838036168643,29070.841299870095,29074.287273979215,199.50427298440096
1700109140,29073.913535161428,29071.961176001372,29068.47581242937,29071.15733247836,75.42232806718668
1700109200,29046.807060349485,29049.935715630814,29045.20481086278,29045.865059826985,178.30045953326604
1700109260,29056.440526056074,29057.647330669315,29052.52969307835,29055.095894323433,138.1532554441391
1700109320,29066.817190789025,29073.99892170862,29065.035532550435,29069.756638318042,150.63252393170922
1700109380,29078.662966475524,29077.927766211087,29074.476882645107,29077.49133926185,163.95257443092308
1700109440,29065.419470159562,29067.149780128908,29064.912487021244,29066.93563013344,239.72480080560328
1700109500,29076.3220037628,29078.206114764926,29072.26564785013,29075.021162857454,219.4484132251468
1700109560,29086.2527572323,29086.097638338542,29080.916793917902,29085.347519352992,109.958487007876
1700109620,29104.54441465698,29106.678059555245,29099.4890710209,29104.05331432658,144.97411553365495
1700109680,29090.972304982188,29093.61053903227,29091.53955440758,29093.539995235846,124.03843073335517
1700109740,29094.602245539376,29094.722186524054,29087.782235209143,29090.822540221314,75.73660616389111
1700109800,29102.421131945586,29104.287455685928,29098.39379177162,29099.789804835036,142.06032579934282
1700109860,29104.373336023673,29104.673139502116,29098.223299211502,29100.478725692294,310.4124108827128
1700109920,29089.2457987072,29091.86255853343,29085.971381283765,29087.07079446768,74.82728883907336
1700109980,29093.669389990384,29096.561668661292,29089.38882857867,29092.046189888,146.9915765176668
1700110040,29102.21909200196,29101.21021958523,29096.098928818956,29098.99012949378,145.11764261285273
1700110100,29101.51397974298,29102.03742529197,29098.356500569098,29100.04568424975,166.51646421496213
1700110160,29106.71013233778,29107.16162171577,29101.32011187272,29102.680703375914,100.97874175782437
1700110220,29101.61221000322,29104.21092653247,29098.821104522525,29099.576232555683,83.92770417537335
1700110280,29114.91473898446,29122.17975952587,29116.617861453247,29117.315579784277,85.50381007941216
1700110340,29105.700097439163,29110.34885975394,29102.949968001154,29106.507273579726,252.74308622750274
1700110400,29099.08448908221,29100.469368576265,29098.351234408692,29099.459424426557,100.17569659263015
1700110460,29101.596807701448,29104.316021269442,29099.001365483356,29099.59125058889,121.531698692102
1700110520,29113.21086883939,29114.87440625538,29105.144340472478,29110.1386989213,344.41696793544713
1700110580,29094.448533031235,29095.50087769973,29090.87063837072,29092.170220880165,110.64177577882819
1700110640,29076.53307953677,29080.733061214727,29071.966418305838,29076.44665988298,170.19755305918451
1700110700,29050.257564230713,29054.799799895984,29048.947988021406,29051.993917790165,227.1304837571792
1700110760,29050.581525658934,29057.106895220262,29048.81090965917,29052.386260493204,222.803022689857
1700110820,29037.705365961756,29039.43627266968,29036.161996129224,29038.966590686723,87.12722939189564
1700110880,29035.827103094645,29038.671807848936,29033.44793339121,29034.35198936651,111.5707613913458
1700110940,29042.239427980403,29042.566045790398,29038.053269787946,29042.28852764521,167.49367519139074
1700111000,29035.232700055887,29036.285550256904,29030.45015116338,29034.590014995814,321.05324541879554
1700111060,29037.767778795725,29038.042027481813,29035.616971941985,29037.365399268736,109.44211031567235
1700111120,29029.699088581798,29036.16901983803,29029.95409089366,29033.773344375717,121.82124999500475
1700111180,29045.36271663088,29042.999946946835,29039.12351486515,29041.83871615687,175.53347554458264
1700111240,29048.009606596894,29052.30061486172,29042.99500726225,29047.54025296505,190.1595184940799
1700111300,29036.81355079656,29042.03365527922,29035.222926754435,29039.237048610954,194.82497700898946
1700111360,29040.145010560216,29041.701881251665,29037.008248721137,29037.213227570148,105.79017530130514
1700111420,29051.025643193327,29051.128440688048,29045.341768481838,29049.738148342793,119.96268609587021
1700111480,29055.516747780977,29054.588558585576,29049.61583869595,29054.458670785843,161.77402918749115
1700111540,29038.14170553694,29041.573401111247,29033.984345079705,29037.69512609283,245.89989569641398
1700111600,29048.7544571461,29049.074431126748,29044.96297517265,29045.562542826887,134.90979462692016
1700111660,29031.356643236977,29035.274673586024,29028.510335908468,29032.547215357652,147.0950887600086
1700111720,29048.16479763216,29053.57408584583,29046.259926984065,29049.497372197184,98.45785859845128
1700111780,29060.769807625238,29065.986980138514,29060.092426687665,29061.786558275275,312.71453097286485
1700111840,29067.00593133488,29068.204700526385,29060.845031230332,29065.265183986296,157.8594655779395
1700111900,29066.978956525956,29071.9816170668,29064.324144665265,29067.15197810753,228.40078433627485
1700111960,29066.44247151434,29068.242150773287,29060.378951380106,29064.6435910352,150.19866981922036
1700112020,29073.451071773547,29076.170255332818,29069.435309709083,29072.785878452003,153.56237343629164
1700112080,29064.029604564115,29070.14364938125,29066.893959899935,29068.33654041846,81.4408055153747
1700112140,29070.97198811094,29071.174671759134,29066.28828538683,29071.163378866135,62.78368533868634
1700112200,29084.00164441634,29082.83130463384,29078.77156352467,29081.62659126437,244.87847932373055
1700112260,29074.524242060736,29078.704515276135,29072.30113653293,29074.88491274206,153.12020793715075
1700112320,29070.194191714298,29071.03995613436,29065.473051720906,29067.490599862173,161.1879780107964
1700112380,29055.55623487851,29054.81332481763,29052.47649307809,29053.15821409348,90.05120915430119
1700112440,29042.466787411864,29043.51245601266,29036.953476739785,29040.384541139967,103.41751401107432
1700112500,29019.33241630706,29019.420234800036,29016.28980141264,29018.44379740267,226.9933678316648
1700112560,29025.327804879675,29028.519881467197,29022.528680319076,29027.201742870853,297.6914383648445
1700112620,29047.751920979816,29053.645757845363,29044.083231532753,29048.90871737585,115.7566791441731
1700112680,29064.966674041,29068.07856756217,29062.174460420745,29066.012664697493,194.14267275564802
1700112740,29048.697499965154,29047.724588805468,29045.28717701546,29046.499650833972,160.13384120259772
1700112800,29056.28053560352,29057.633448126842,29051.61800848863,29055.19790689265,141.4276705166739
1700112860,29071.719180877964,29074.198262490667,29072.161074336906,29072.26318309173,311.30825909273716
1700112920,29068.038103293642,29070.429108509612,29062.649460808825,29066.781463322866,123.80643545720235
1700112980,29068.55556537127,29072.809413023122,29065.530739655213,29067.998832490666,243.78460153215076
1700113040,29043.021398495952,29046.8628030033,29039.220417631586,29043.90411588101,172.87509280483914
1700113100,29047.802495259133,29050.060685831413,29045.2161496901,29047.10494989673,147.4138991927246
1700113160,29033.89011396531,29036.16640243713,29033.026365121095,29034.342233143514,256.9308208821984
1700113220,29033.552396446412,29039.56100801833,29031.762571664673,29036.737853358452,166.67633188275983
1700113280,29018.34713589016,29019.60006262412,29015.350028934623,29018.003418292185,142.79770638332727
1700113340,29022.159041366478,29024.523177357478,29020.201804273864,29024.517716985916,257.69503971817807
1700113400,29035.693128956424,29041.14234995543,29032.256583270933,29036.811869091038,244.6197346974103
1700113460,29030.348194737428,29029.56093117806,29024.821367186545,29027.413710750454,240.0351398009548
1700113520,29015.97491383206,29016.2310821988,29011.492070145934,29013.77063977353,31.339468052650822
1700113580,28989.565555029072,28988.31586784006,28985.13393348907,28987.89836326293,176.98600299017676
1700113640,28986.411070687893,28988.886953421053,28980.46270333962,28984.701400854028,161.5551995635544
1700113700,28977.902853134863,28978.573958994537,28972.898972484643,28977.72227364265,146.3578570440064
1700113760,28957.880752598307,28961.163146488394,28957.468430147623,28959.11004069447,189.40959767851422
1700113820,28962.03594893681,28968.747593505537,28960.85311385962,28964.54626577022,164.7159950931039
1700113880,28958.530271010393,28961.43553588891,28957.71974880139,28959.146621187843,194.63440777253604
1700113940,28947.129148796204,28950.89355136143,28943.183024477443,28946.2377896841,133.32840255225858
1700114000,28943.747403303674,28940.62949233352,28935.558972875322,28939.582920816414,270.22967676194185
1700114060,28952.297396132733,28956.014739433343,28948.006143660263,28952.43857528357,202.66972359436517
1700114120,28959.622278221243,28964.563811226442,28957.430237687237,28959.673818608633,184.3821740070639
1700114180,28957.747648363573,28960.86157405675,28956.26472745782,28958.11350587065,180.81638945366439
1700114240,28961.33028549682,28969.00368558545,28964.275508032173,28965.54276609223,235.78314913017343
1700114300,28949.130629523203,28953.577955913595,28950.944736763497,28951.61182261559,223.33549767994973
1700114360,28950.430141987814,28955.75695052294,28950.175675981096,28952.000263824313,141.8671673465339
1700114420,28955.692286050296,28958.31250207277,28949.40824276641,28953.76813179015,220.54993952042773
1700114480,28949.15608318656,28951.64537152342,28946.036046107114,28948.130093688167,159.11399515858923
1700114540,28953.54528293351,28958.03523727656,28951.7691278906,28953.355593719654,319.50429499789044
1700114600,28945.54120651194,28946.93365552388,28940.294731040987,28943.99039226392,230.23283533732277
1700114660,28949.107311707266,28952.99392795949,28949.030318399105,28950.108240757236,115.55611689993776
1700114720,28956.01672831718,28958.253682956154,28955.44911200317,28956.73054601561,377.01473658921253
1700114780,28923.901243033353,28925.272764903064,28917.045084205554,28921.724627447245,64.01926576282216
1700114840,28933.614662471173,28940.418058498148,28935.60034742628,28936.008295889365,191.51035806450363
1700114900,28899.232084437517,28902.668286235777,28897.363549203918,28899.436705105134,112.3367512997257
1700114960,28895.502259091947,28893.209312901454,28889.160360836486,28892.04411679846,315.09434989991087
1700115020,28904.450978926245,28907.06883878316,28903.19698963148,28904.348293209554,164.20611313197756
1700115080,28899.97843959468,28904.32053959128,28899.13579008535,28900.540852506525,108.03787001679751
1700115140,28881.001035994017,28887.64343729125,28881.837393893144,28882.946620716888,133.40666771615813
1700115200,28870.496728782542,28870.604756223893,28868.095848115987,28869.82177597629,111.54492410582853
1700115260,28880.488768397245,28882.78213038697,28877.652116156743,28882.144644932137,131.32684404339423
1700115320,28858.712306592013,28861.151308216715,28856.928653832692,28859.086590565552,130.13091128478115
1700115380,28875.264592995172,28873.262539624408,28870.54533869448,28872.634483777096,109.89635040358914
1700115440,28874.803592135555,28876.875403151116,28870.040354187717,28871.97325858859,165.3435655638859
1700115500,28855.41939488298,28859.786036459693,28852.843935988592,28857.66451462328,173.55415189584025
1700115560,28848.275165398885,28853.335186350985,28850.08063657455,28850.667133755647,99.63140672902576
1700115620,28837.81462320162,28839.595880568893,28834.10106455773,28838.460441662428,76.45424786405005
1700115680,28845.86373063037,28851.100774690418,28847.219338734092,28848.85514407273,168.07033976584077
1700115740,28855.5310580918,28862.567747464193,28852.86171983136,28857.644277789885,183.60160508621334
1700115800,28835.647086724413,28839.457779940207,28835.438207952153,28837.01434418337,198.75774171172154
1700115860,28833.993861738607,28832.215358390164,28831.75686694486,28832.17123876114,185.0210777991237
1700115920,28818.350153310945,28823.025648464263,28819.212801391248,28821.81301081301,278.40773457017343
1700115980,28836.262527570103,28842.227404586913,28836.19580253797,28837.33513043452,221.14689296565035
1700116040,28821.905618566227,28826.079278584057,28817.36899193964,28821.133941017004,433.5171159347188
1700116100,28841.721230283838,28841.437155722084,28837.098162181584,28840.384690273226,512.991296291351
1700116160,28839.471585835996,28843.061473838243,28836.55280760941,28839.985153399022,73.4613167492876
1700116220,28829.384058692136,28826.426482174986,28825.074493079406,28826.04194052246,61.629740077965046
1700116280,28816.515303763645,28820.80185852657,28814.371498989924,28817.91465031435,147.97502075860407
1700116340,28810.202365854515,28808.92482773256,28806.738569090227,28808.295224225127,181.5793906200892
1700116400,28792.258587183293,28797.093111019152,28788.00643326064,28792.99980340094,143.97591035751935
1700116460,28795.18096639242,28798.835600655715,28790.478887402336,28794.137725717705,196.65131353696736
1700116520,28779.93157653485,28780.26767314965,28776.450681572358,28779.402739109402,133.20684821905482
1700116580,28754.752164350077,28755.55190544752,28748.90275570847,28753.238344604546,112.43999422013655
1700116640,28749.00468581673,28749.19244194674,28745.73566845577,28748.682226954366,119.44352386983546
1700116700,28723.26919350532,28728.74365263272,28724.284203263476,28727.047952597353,136.99338669645329
1700116760,28715.251902926444,28718.347510954347,28716.835444166518,28718.022022180543,207.97230829143695
1700116820,28706.40382960731,28708.43552015739,28703.722227540675,28707.1127875173,122.15658694898903
1700116880,28696.70878318412,28701.60931298844,28694.784972511745,28696.65819465299,132.2127700018861
1700116940,28718.98134949069,28720.892768208683,28720.454338733016,28720.669751872076,186.43576154232372
1700117000,28719.086749889895,28725.641532326204,28717.26638169626,28721.34669067811,137.06858773924012
1700117060,28725.95077955047,28724.678405674822,28724.03177695281,28724.291142786053,231.98766920101085
1700117120,28703.129240965212,28705.619347885535,28699.612862615744,28702.974363229947,102.73958719837786
1700117180,28698.77072208544,28697.38740458844,28694.34320116888,28695.126805626303,94.20323260679066
1700117240,28695.464232965078,28702.368210485703,28695.547589602746,28697.7104371856,167.64549709800608
1700117300,28681.28604171524,28686.411339542068,28681.12063193791,28685.416090230643,174.4634710733916
1700117360,28696.152679103612,28697.211254429756,28695.84074660729,28696.31284435286,105.0058646457319
1700117420,28686.13050557185,28685.624055764885,28678.544731929283,28681.880485322046,254.0263903230262
1700117480,28677.226310658512,28682.072689057168,28675.380997979235,28678.444091691665,320.52963080855733
1700117540,28673.219650344257,28674.90738086442,28667.073823280178,28671.411472011958,115.45239896777161
1700117600,28674.71001880787,28673.513955505405,28672.51964556792,28673.383319924542,269.0561971422733
1700117660,28664.444286282695,28666.997237495903,28661.6985015391,28665.697439062278,57.233942984008976
1700117720,28661.9376072864,28666.6461914267,28660.19610955372,28662.446715537426,228.2507731324786
1700117780,28660.589371986767,28662.617445043375,28657.469934873625,28659.61315443609,105.3085793941237
1700117840,28652.0997126126,28653.811475951057,28648.991579593196,28650.800501347396,219.29745994285776
1700117900,28656.36995565892,28658.101210796383,28654.69375703838,28656.62162776936,101.03728484666941
1700117960,28660.301219372435,28660.783153710192,28656.882490135282,28659.48228826741,144.40256452208877
1700118020,28660.637395191578,28663.15169536446,28657.884921809753,28658.41892092437,107.33489016170475
1700118080,28653.918547285783,28656.89219731709,28651.12809157346,28653.253420922825,136.2440442807658
1700118140,28662.132764042555,28663.446279878073,28659.552043213767,28662.811949289066,308.5764459679978
1700118200,28660.338145296937,28664.670473074017,28657.490976596106,28659.981938363297,142.1417616889442
1700118260,28659.128588105883,28659.213421668475,28655.472423565137,28656.301570909385,345.1988575145291
1700118320,28655.579722025293,28659.22466310283,28655.742592759085,28657.557851268044,127.18910256317805
1700118380,28683.394514337582,28679.90258869569,28675.702083091564,28677.916891463694,269.5370564187106
1700118440,28662.725347277497,28665.459639519202,28658.488242894276,28661.83261696744,77.45700106311364
1700118500,28672.31129659321,28672.952262942534,28666.567068071414,28671.070899684102,132.34291273815853
1700118560,28648.056487993505,28651.24656974484,28645.600968186307,28648.352845749247,119.767936250184
1700118620,28649.836800032386,28654.51262113123,28647.578283007402,28650.96012364799,274.5359561915732
1700118680,28667.60758796277,28670.837992565823,28669.475169452096,28669.861117579294,159.82820416562203
1700118740,28677.149949619605,28680.446347304114,28670.952804726163,28675.725139872902,64.37766345208577
1700118800,28676.599476140713,28679.553504672556,28676.196597363603,28677.77264081538,87.8778812909558
1700118860,28670.655610413978,28673.144120975125,28669.2757884413,28671.04724718974,98.98171145070702
1700118920,28674.84289234597,28674.912385434942,28670.305599692394,28671.419813595603,215.64210617940586
1700118980,28664.593979299898,28671.438985257704,28667.971709451936,28668.395059810766,204.79367183862746
1700119040,28661.84089077007,28661.163939700284,28655.01310656488,28658.963340515587,131.60963451549964
1700119100,28654.64583858527,28658.733543331393,28654.282382721358,28655.48483312989,119.17536723380935
1700119160,28657.085487169014,28662.37954859527,28656.451968380683,28657.86540705741,197.66136650578295
1700119220,28648.10752867038,28652.660220318267,28647.74982085201,28648.65880223504,94.4613506515624
1700119280,28639.972574151147,28643.1047154366,28634.10899398533,28638.983420386823,178.22870608062985
1700119340,28621.005993833434,28623.952541178554,28618.75532514932,28622.660499135716,172.26038506820623
1700119400,28630.46993439667,28629.446216195272,28622.699701198882,28627.349199448785,132.975401870327
1700119460,28634.024736169737,28636.662174300658,28629.58446175712,28633.893078592388,174.00276432581182
1700119520,28637.800753276333,28636.893958019034,28632.141519925503,28636.673003923228,154.59947514572588
1700119580,28649.609645720106,28652.104010737858,28645.859879576725,28648.25504983597,181.08522882112783
1700119640,28648.45196590603,28650.926778603014,28648.45675429415,28649.309461480938,87.03924218956766
1700119700,28651.85863564389,28655.426573119534,28652.379191057542,28654.01359272933,189.76771891105395
1700119760,28658.346153360653,28658.956101883763,28656.19738425207,28657.65964183698,223.7748767098341
1700119820,28654.99979942411,28657.97805793106,28652.975492415953,28656.56116160396,168.7436278626538
1700119880,28650.091818335517,28651.881373827197,28650.06293623487,28650.191299666407,188.76188261449911
1700119940,28678.546595474385,28679.78525384629,28676.050919981317,28676.761131055908,142.02914358200056
1700120000,28671.85362348415,28674.255545907166,28667.923293696393,28671.337719297666,211.98871168918302
1700120060,28663.946158545805,28664.62574553223,28662.729974995218,28663.347186764222,152.3375604844466
1700120120,28669.948624470635,28669.587426028487,28668.31384539177,28668.555304645623,93.76798505312665
1700120180,28670.720591771853,28675.70934857952,28671.03148180611,28671.577557629163,206.04332494703732
1700120240,28654.25076668243,28655.183675746222,28651.266688292624,28654.72005905784,77.19552592383869
1700120300,28671.373497509143,28670.75631231861,28667.49557181558,28668.192198112603,166.18670707348625
1700120360,28670.364915198872,28669.664667579338,28666.33034140271,28667.061863208393,127.27000585152501
1700120420,28652.88132115939,28656.60137409986,28652.579189082007,28653.730690065804,124.05806226903744
1700120480,28669.626672295642,28672.424350017587,28664.24154591707,28667.996099438053,158.9827172816421
1700120540,28674.900123987005,28678.62377599768,28674.5024417359,28675.504206297206,111.75228980097627
1700120600,28658.76783923761,28665.197871225068,28660.15282541021,28660.32970239383,182.15945058725987
1700120660,28684.19780215173,28686.012661893663,28677.12657969904,28681.65589647692,151.82349865025645
1700120720,28692.38453940647,28690.635166194752,28685.17987277586,28689.561464897317,115.94111343786494
1700120780,28686.090248145025,28690.645028060942,28688.51501650533,28689.439111509815,253.4766803369407
1700120840,28707.818595611352,28710.245607856854,28707.19502422841,28708.521737177278,161.08191817405577
1700120900,28711.27179189658,28712.390882658634,28709.490522726017,28710.433310583234,191.00896676719623
1700120960,28711.964194587275,28712.861289283523,28706.498640987174,28710.096313681985,261.55262126230446
1700121020,28703.193593987537,28703.335275454203,28700.922667868774,28702.17271228972,259.841392056107
1700121080,28711.536062233634,28710.266643466974,28704.497668774515,28709.154917561405,187.15070128830365
1700121140,28713.107328821112,28716.781102956134,28710.735948047375,28714.874153169294,131.4907779625249
1700121200,28716.60381715518,28718.410430414035,28712.10830921012,28715.05031484797,83.77364715875319
1700121260,28703.383409425125,28709.01110666704,28705.52578747799,28705.57047860156,161.20490863397637
1700121320,28707.930894691093,28712.010220551754,28702.711289819472,28707.129636851554,229.9435229380402
1700121380,28708.37875178964,28707.304128592015,28702.653243189743,28706.292051422406,171.01066581716256
1700121440,28691.14296277362,28692.25465535688,28686.35082261489,28690.290359597595,37.41854286539004
1700121500,28677.87694493671,28677.451998871402,28672.269485358847,28672.628611381708,210.19272793891687
1700121560,28679.651989080772,28682.86049564075,28675.86765107633,28679.410451927422,215.42216519464552
1700121620,28648.528030529065,28651.149184770915,28644.164844778683,28648.187792146804,131.56632834457386
1700121680,28649.00323297724,28653.350948727344,28645.869541689553,28650.652718470337,220.37809174704873
1700121740,28648.688331633257,28645.293273677973,28642.01336941338,28644.91572177729,190.79244575614533
1700121800,28658.290948338123,28665.081550103932,28658.074471799853,28660.61468105985,112.82041233250942
1700121860,28653.051863960012,28657.82058862708,28652.566078600095,28654.693062550006,246.78572413260324
1700121920,28660.102785993633,28665.46521016067,28659.100434716205,28662.60687312103,89.39003679809768
1700121980,28657.94934977818,28660.54140874278,28653.2398005026,28657.843907026174,145.0534262689835
1700122040,28657.1810911998,28661.16845590461,28656.210109624426,28659.208884868007,139.3793113085064
1700122100,28670.99341130886,28669.32424669585,28666.914505031506,28668.050923239047,106.67904413128515
1700122160,28661.074159512744,28666.276864569827,28662.412384891606,28662.500254643153,167.5895016991601
1700122220,28676.001238781333,28677.006750845943,28671.363347665796,28674.458913257135,250.67256355593213
1700122280,28665.837342396702,28662.704236393303,28658.211549291762,28662.534538731856,244.47101375668504
1700122340,28668.317933878887,28668.065125341418,28665.73977645469,28666.069652842558,198.2374760275463
1700122400,28677.130267238754,28681.784347707126,28675.153473471208,28677.141329516013,75.3113607988225
1700122460,28686.71037783393,28686.931252225197,28680.36154478709,28685.061779417494,86.97485724032164
1700122520,28707.306970874928,28710.125282977948,28705.550732959036,28708.05911793832,158.61305945589962
1700122580,28702.5143212406,28702.017651745868,28697.79455498165,28698.897846130592,146.39463922871496
1700122640,28686.602250201642,28686.356429133488,28680.579773055564,28682.34805511441,121.60378175418765
1700122700,28667.67125894418,28673.758339400993,28668.375335981495,28670.416033812468,318.02477195696645
1700122760,28676.533744352248,28682.591618266666,28677.754897038965,28678.34134461105,154.83252691430064
1700122820,28686.41501349411,28684.886272757485,28681.01245860304,28684.31641982228,184.37377748390412
1700122880,28685.549499024994,28690.166462504643,28682.58267809259,28685.54349973805,220.3368589583486
1700122940,28670.02900102836,28676.58762481082,28668.829400759438,28672.068015148765,151.71190793349092
1700123000,28680.432021452132,28683.86616560164,28678.216464825313,28681.270422668713,418.39454176251894
1700123060,28666.277519144543,28669.697676525844,28666.490604995466,28666.57396533691,101.88564725431456
1700123120,28678.291052162804,28681.545425576438,28679.6090460776,28680.48136032543,116.46273656653443
1700123180,28716.23204635351,28717.010358593016,28713.94276139338,28714.77062140311,101.78570915566401
1700123240,28719.10567826464,28720.18155196657,28718.67827773048,28719.16803516197,277.2898404546242
1700123300,28726.201030066444,28726.275216184564,28722.48795392387,28726.16533278986,204.5544807806564
1700123360,28720.796539658455,28725.15553090375,28719.65032949072,28720.251015563113,119.3832892236128
1700123420,28699.308066732912,28699.82418828862,28695.18748534282,28698.52845571007,105.05136804638745
1700123480,28691.150086878053,28694.2613648982,28690.403871805443,28691.29582335371,258.2572549232172
1700123540,28678.112265468553,28679.682332378212,28677.589529569283,28678.181080460523,171.51574777228308
1700123600,28662.91388082861,28662.670133644595,28660.004375300465,28660.817025543543,260.9078258921445
1700123660,28679.881753027694,28683.474152640403,28678.943327564804,28681.485344847493,144.88499063869185
1700123720,28686.712465479333,28686.434928720424,28681.532282514512,28684.7596950638,182.11058800968408
1700123780,28689.752412920265,28692.50294482787,28685.25632173088,28689.31594603117,167.35060822468373
1700123840,28686.198238594254,28690.412359001257,28684.964866621493,28685.607677648815,115.62537814267452
1700123900,28682.817017434172,28685.676397909523,28680.452290922563,28683.53322465949,140.09802224095412
1700123960,28699.3460407268,28699.974466466636,28691.23863484931,28695.107832846366,92.41401663071122
1700124020,28692.937967792164,28698.058773608747,28693.157761564482,28694.719787422022,180.84543740968593
1700124080,28702.442095373543,28704.123795653424,28700.68953678148,28701.088114678318,201.24025616170374
1700124140,28696.296136514622,28699.92158236317,28697.956333288847,28698.736063104177,220.53677919375409
1700124200,28695.586558264426,28694.94483194489,28694.172435177592,28694.630228415394,193.75954998587366
1700124260,28677.844945599638,28682.00693227963,28673.31119877306,28677.74725842817,140.99380389405258
1700124320,28650.18669759963,28656.884174999486,28652.130761337965,28654.014269679767,276.1069409912874
1700124380,28651.43020328456,28652.947596179096,28648.25878384129,28650.87552686697,212.07148157727147
1700124440,28649.07578740154,28655.61332378133,28647.710046411867,28651.553487170888,258.6351860420193
1700124500,28636.041836559252,28637.67282864327,28634.262434619777,28636.119926730382,265.20806842868427
1700124560,28634.875390689383,28639.624314629793,28632.46071507683,28635.70622834997,141.14110545579462
1700124620,28636.21134192703,28637.99107828288,28635.967859839762,28636.351259105853,173.32211207055846
1700124680,28608.78345978054,28615.08356896516,28608.0746347953,28610.479163033142,202.3150373611272
1700124740,28600.868730345093,28600.83750149167,28599.015072288537,28599.497667119387,93.72296828561122
1700124800,28606.35293089025,28605.072604432084,28603.14341314081,28604.38483384421,94.5577473608958
1700124860,28610.306690977715,28612.52002213871,28607.562834458986,28609.029538596962,88.2589706967497
1700124920,28594.986018847518,28595.99967586549,28591.59752058073,28595.185439600165,142.13253460430846
1700124980,28597.52845377726,28601.833631457604,28593.716295274713,28597.08681620616,129.88808256448604
1700125040,28607.93515315754,28612.633478472428,28605.620302465828,28609.355702910485,83.57393997282519
1700125100,28616.071115018734,28619.8348817248,28618.37180318219,28618.680578418378,157.55006662415738
1700125160,28619.48882564868,28618.581243645636,28612.567577913345,28617.53714897421,142.8439010975339
1700125220,28613.38933079755,28616.54080840992,28611.64933307077,28611.92143321432,238.14889041027737
1700125280,28607.24177823893,28607.408588966555,28600.24056044511,28604.369299402304,332.01881256149676
1700125340,28605.922390815704,28614.451816830584,28606.28179212982,28609.983136797222,178.14184877536664
1700125400,28611.71504547669,28612.87551049916,28609.365575522475,28612.324384474934,112.31953400505556
1700125460,28618.91762790806,28624.50419352606,28617.682946722438,28619.877232548162,192.22945775339414
1700125520,28624.140135075675,28624.059964865584,28617.674056539265,28621.459718305614,148.9664584198874
1700125580,28631.2872256878,28634.62699529144,28627.58559669344,28631.284885709785,134.82125963751784
1700125640,28631.40150013645,28634.284373462982,28631.73410442783,28632.419996105276,105.14701897449757
1700125700,28642.341776079924,28642.131962308886,28637.87309833405,28641.836260698856,123.26197695551927
1700125760,28650.134722693605,28657.075996149964,28651.89334895608,28652.286133943257,138.22511103155276
1700125820,28638.008152129274,28647.604806026102,28640.129083669915,28642.63181438056,204.71905112799746
1700125880,28622.828211472297,28622.756820061913,28617.708676685274,28620.93408581811,182.0734600269355
1700125940,28641.500174582237,28644.175339739046,28635.347555803408,28639.456000090286,308.04025028270917
1700126000,28644.29141698989,28643.37453631364,28640.220353768367,28642.535904858833,194.36449365531877
1700126060,28618.749675792846,28622.735496361172,28620.777783725054,28621.96207411288,175.86523118721988
1700126120,28611.311529512197,28613.761799346303,28610.942942068974,28613.396240146256,131.30302945448983
1700126180,28622.929787290283,28624.615078692615,28621.407691102508,28622.658731654694,98.0046383116544
1700126240,28619.229490352296,28619.564120932006,28616.658982773817,28619.302609681097,118.16035271233504
1700126300,28614.79095990166,28615.13115859733,28610.845331733733,28613.157872649266,112.17549166782472
1700126360,28628.188400657535,28630.660407116273,28626.06593255427,28629.968454973023,53.284062573465995
1700126420,28618.160812864633,28621.053648194284,28616.200558649205,28617.401009216417,99.141417154754
1700126480,28608.343322002267,28611.98998217004,28606.823243002407,28607.823168923358,281.7116146357985
1700126540,28609.14222708088,28613.79888376292,28607.988879926106,28610.35980662394,171.9906448940869
1700126600,28615.421255684752,28616.047736570767,28614.79274398263,28615.045265808585,127.66255042130295
1700126660,28621.47131420767,28624.835623185216,28619.854679078497,28621.001382220675,174.05858341752162
1700126720,28631.91508834444,28633.183739740667,28630.16771418456,28631.9362387555,67.94089864667987
1700126780,28632.728471376093,28638.116625188522,28631.881033640875,28634.31918220368,166.14137567381107
1700126840,28636.89880331997,28643.028777345422,28638.844605914812,28640.19178947094,247.39763617866274
1700126900,28635.910305894668,28638.914840940615,28634.27809588562,28637.08127835916,141.39446680129512
1700126960,28636.22702955075,28638.25111988808,28633.441584665772,28637.833657998,73.05438687946484
1700127020,28639.523776282844,28643.261615707677,28636.405430851853,28639.124068158642,125.76609415133566
1700127080,28643.12084151481,28646.40351039246,28640.271048179788,28641.70524578847,247.5728291693921
1700127140,28649.667751014997,28654.30531237947,28650.665818619455,28650.975723479467,164.5890667284777
1700127200,28657.2949900136,28662.46017949627,28656.95414013906,28657.6374716628,84.15631497460001
1700127260,28661.013332995106,28662.83863279282,28655.36198885487,28658.168075697606,382.62357449800584
1700127320,28649.114703125164,28649.43160588233,28645.040019687793,28648.458563878314,89.88010301915048
1700127380,28649.436413022027,28652.926680718054,28649.022279257293,28649.270618975064,134.67038056351618
1700127440,28649.955321290374,28650.680929653503,28648.00665640775,28648.934405556316,98.00765616376755
1700127500,28648.28911332499,28653.690171316903,28649.65717816069,28651.252584514074,98.06192766393971
1700127560,28676.771210125957,28678.515715355505,28676.132022655358,28677.73088819976,123.85847135359255
1700127620,28668.69926502149,28676.319511997553,28666.653579786376,28671.445614857264,191.4181044097957
1700127680,28675.986232563468,28680.143770002152,28675.494230097058,28676.51308308677,248.69135217451358
1700127740,28689.171852220854,28690.66916944186,28689.022026146307,28689.334627893702,127.17101191534604
1700127800,28692.383846498113,28692.368009313734,28688.74557671633,28690.510650862892,99.0814836057862
1700127860,28718.540933226566,28720.677206927103,28717.892582437813,28718.56479229296,179.7300003414834
1700127920,28714.00221294083,28717.765989412903,28713.395410966503,28714.028320792182,181.85059285718478
1700127980,28720.65161922809,28722.54587779387,28715.880138154436,28717.91739146002,163.3917242929576
1700128040,28709.41077746085,28709.93892318623,28706.799766825057,28708.331722521307,165.71938815518214
1700128100,28704.75999089662,28706.47592614099,28703.654791818808,28704.113425699587,141.878835390902
1700128160,28706.273673536238,28710.066670488523,28704.079115477212,28707.100632624348,154.35580226048563
1700128220,28716.33358114807,28719.22300133404,28714.747782541937,28717.25628137204,138.0118496570033
1700128280,28722.248056344255,28723.606325997152,28720.699921035568,28721.085419380324,227.7156020250736
1700128340,28735.257058367253,28736.723335717437,28731.881075202265,28736.194797572338,361.9057432945816
1700128400,28735.419371703923,28735.893585783826,28733.631648554165,28735.055213845226,159.47086814476327
1700128460,28736.80843153687,28733.07469777326,28726.262287562426,28731.06919148716,148.0235082698315
1700128520,28764.486416838416,28768.091707833366,28758.85931961173,28763.51701277451,164.40691541015173
1700128580,28766.089887287533,28769.99465479654,28766.077381436724,28768.247864567817,114.07216559009994
1700128640,28762.977697529328,28760.8630500591,28758.471251313884,28759.614086016074,201.54070047155975
1700128700,28751.057538468267,28754.997231973342,28747.108657306446,28751.282920869096,177.05679620788266
1700128760,28736.80023946635,28744.716412725105,28738.16433268661,28739.97076189472,125.43803815642426
1700128820,28752.73082007102,28753.50521225032,28750.391840691645,28751.209594165,212.90088475410633
1700128880,28746.832768489425,28746.880091428116,28744.079028071188,28746.83706665028,149.5447841252712
1700128940,28750.973448872617,28751.80616301554,28745.918404144653,28748.36541635816,100.68303799870141
1700129000,28744.348849981576,28749.678616272984,28743.35322287083,28747.603312264902,170.82536513922778
1700129060,28756.547886414184,28759.74944884327,28752.734814260995,28756.38122116019,163.17071782830314
1700129120,28746.12703836,28747.608874624733,28741.839594611403,28746.220292045586,217.92855036421537
1700129180,28730.604823680856,28733.325465330952,28729.63991004993,28733.313424611868,206.97929829550554
1700129240,28734.682035508755,28737.727473391777,28732.794117494806,28736.004992298047,142.06851876665263
1700129300,28744.967761179436,28746.74046542751,28740.715617953058,28743.216503714444,122.87471087144183
1700129360,28748.50144731979,28749.172457886663,28742.269125024137,28747.20689147162,148.5167133948442
1700129420,28736.5035841134,28738.589317420716,28732.69762260245,28737.49344672245,171.62700592684942
1700129480,28746.871506937674,28747.943299148217,28741.378999919867,28745.623264827547,180.09810876616206
1700129540,28740.93142032664,28740.45867631889,28732.82033763347,28736.6969337024,167.4299212720877
1700129600,28730.544951562242,28731.035635398926,28727.550672214373,28730.438469964964,143.12168645169388
1700129660,28722.07145299055,28722.56978783653,28717.812260865667,28719.1110276683,221.1247027041252
1700129720,28731.492364344995,28738.061647971143,28730.347732716684,28734.724927852123,113.32720368676773
1700129780,28741.972411068924,28744.179675742875,28742.271905670055,28742.32598634445,400.118751125378
1700129840,28751.396256966083,28754.437587809494,28748.448707018626,28749.585906852597,201.38694401909876
1700129900,28765.949708735632,28769.02597040371,28762.533781680886,28764.55244390631,94.53837518966982
1700129960,28802.08303006092,28799.88504228918,28795.373449109,28798.30423488517,159.82696038100556
1700130020,28779.99244541181,28777.94897710522,28774.98912503645,28777.79352163825,202.16281896556382
1700130080,28766.900356262642,28770.474526701448,28768.053923535797,28768.933002667723,129.0567664789152
1700130140,28757.075329366646,28762.562511370335,28761.014910658563,28761.53890165763,81.60923103243204
1700130200,28749.87627316264,28754.06532575928,28750.21742155111,28751.32906618904,97.94189781021633
1700130260,28738.582152295035,28742.991789323703,28736.65452327331,28738.398067217793,184.35019413135686
1700130320,28735.666149200435,28739.153917999316,28734.731962009526,28734.802230449128,73.56382604605707
1700130380,28722.11597749281,28721.73213164398,28716.740706762906,28720.202985865657,83.11807367231975
1700130440,28720.103962477428,28726.366481943885,28722.984857097417,28724.223494276106,183.96286172275435
1700130500,28725.221371536976,28725.026585128646,28723.086851950506,28724.843874133247,135.7724487221574
1700130560,28726.384958450286,28733.33703564866,28728.94170965749,28730.616218110412,112.35773506118873
1700130620,28733.921920510853,28737.025799430325,28734.14981052568,28736.70895953007,121.76672705538164
1700130680,28747.426634633885,28748.638072602338,28739.64604316072,28743.945041771192,82.40733705345333
1700130740,28740.796039320823,28743.79880370357,28738.71718476178,28739.464134529306,180.14847503452026
1700130800,28766.255945609257,28765.988793493096,28763.214219794754,28764.91785536091,107.48836165077117
1700130860,28767.890721486907,28771.227872158004,28764.270884720037,28767.731028758695,119.78507869942958
1700130920,28745.501840233424,28748.221313639362,28745.16005466079,28745.381211727195,170.49637826234334
1700130980,28727.360224587203,28737.35949134058,28729.20280960219,28733.352702778,133.9342470437919
1700131040,28714.621122658617,28714.844927443424,28707.65754120718,28712.466666909666,111.95966540792946
1700131100,28712.216742588156,28713.633542312815,28709.636496446576,28712.674682459485,66.96865205402747
1700131160,28709.980004285906,28714.412236771455,28706.43047791569,28711.213019770843,171.90987180568186
1700131220,28705.595055404985,28705.993313031027,28703.52660224889,28705.591911396048,153.1774704924394
1700131280,28729.502663589294,28732.6459647007,28727.64786609158,28729.723024744857,120.66824665846869
1700131340,28738.400437022392,28737.3743432611,28735.779574686712,28736.31081923378,98.00714241624696
1700131400,28744.811027181928,28748.448681756752,28744.846764896134,28745.023999571134,149.1727442006518
1700131460,28732.82831972348,28737.99133352447,28732.628596125156,28733.85111771583,179.86178668846176
1700131520,28721.206177851316,28722.409002666267,28719.47073573435,28721.861379019858,154.33160282059185
1700131580,28721.162643201198,28724.304387769767,28719.764633054707,28722.303045009023,285.7811214475127
1700131640,28721.553914883574,28728.04673862373,28723.29125377614,28724.379130684847,196.74526108630167
1700131700,28700.229458795646,28702.92190718707,28699.039363506166,28702.103391879475,142.17899104155777
1700131760,28699.797118378287,28702.77232595546,28699.033678231088,28699.93970760528,199.3997297954141
1700131820,28702.45208930353,28703.46776750914,28698.477516898416,28700.108572599762,151.33030699705034
1700131880,28698.72679315993,28699.300750646704,28696.548235034563,28697.52678261051,151.12043501704693
1700131940,28688.205359966185,28691.926009033363,28684.282779662397,28687.76609766235,249.27221167768096
1700132000,28680.78698381661,28683.844966404526,28678.70881293818,28681.291675479293,103.6248171319149
1700132060,28680.126030679417,28682.304339356124,28675.488859661058,28679.16936515642,149.8034137020977
1700132120,28682.13043183811,28680.963329423266,28679.972724591782,28680.25896543974,238.86152747148427
1700132180,28689.89286180859,28687.63226530301,28685.38965402917,28687.516464430348,167.93822832875685
1700132240,28703.789094407868,28700.740481743884,28695.65194599485,28700.48673888976,128.04462114312557
1700132300,28697.42446761498,28701.47416694842,28696.6864686339,28696.95456620743,75.00359860988218
1700132360,28694.420022738188,28695.89390377529,28689.38879840557,28691.48069185405,59.85118451016559
1700132420,28698.733611304775,28700.770517132267,28696.530568842183,28696.73255993646,340.51952834213927
1700132480,28704.85050267908,28705.060759389566,28703.329432328537,28704.06269893339,167.9060721153823
1700132540,28701.524128353067,28701.479586994028,28696.539661476418,28698.852293734282,117.49205853518225
1700132600,28707.57751108088,28712.317600960618,28707.549448469457,28708.337015457877,170.6786853137124
1700132660,28718.61159342454,28723.46538545803,28717.49826242693,28720.09203955175,101.58850049951191
1700132720,28736.691131179203,28736.169883108032,28730.9786187258,28735.59227713965,129.99805503071818
1700132780,28757.806182635508,28761.409834019352,28755.930090229303,28756.93212802029,101.86249777496408
1700132840,28745.4602748161,28747.33854632027,28745.999201807816,28746.535134356378,84.32602752548357
1700132900,28748.129903062836,28747.560891335434,28742.575530058453,28746.701912868368,63.943892659926235
1700132960,28748.402713050986,28751.342288373646,28744.53589599072,28746.83724522779,78.3304990991476
1700133020,28743.267365449028,28748.083447100875,28741.24730691118,28745.6603624054,223.2997648046809
1700133080,28736.100831892654,28739.733666499862,28736.338590896754,28737.86920737008,100.00770324947464
1700133140,28718.839363326617,28722.810747042797,28716.90480330537,28720.042463331305,183.81996816075906
1700133200,28719.303327440866,28726.061603347818,28716.53804891215,28721.154616683656,217.60009595211153
1700133260,28715.888906219814,28712.532501045283,28711.075869771837,28711.93434876908,149.400687448391
1700133320,28710.258599444463,28716.75101478201,28708.962627741523,28712.96627053805,131.7061250250768
1700133380,28702.653623804497,28705.109377348886,28700.280164288437,28703.437748037664,156.52397109876787
1700133440,28688.22028511952,28690.827094241773,28686.1771141644,28690.241847887533,125.63135359190116
1700133500,28692.279104653826,28695.16309498882,28692.19996148729,28693.053428212057,240.22205021349606
1700133560,28694.766636884375,28697.60825092236,28692.694054182048,28694.864486533734,314.383491007358
1700133620,28702.36648861431,28702.845678378224,28701.1716840472,28701.815870189585,265.05165516676396
1700133680,28727.311946632824,28730.072582682078,28723.24582484667,28728.046235386595,62.76356350261122
1700133740,28731.997205578937,28734.55208988849,28731.060251146326,28731.373709761127,124.61005439242375
1700133800,28735.458938765765,28740.076931064497,28736.867273975924,28737.194690965895,148.66027297201938
1700133860,28727.436868308592,28727.879757989762,28719.77317405858,28724.263955019487,178.61330900463304
1700133920,28709.904217456642,28713.00308839774,28707.317254992366,28708.821065733053,74.37160270593868
1700133980,28723.72537259738,28729.86072075318,28724.829918930096,28727.81501909433,73.89332771491308
1700134040,28717.985422662277,28718.84809811244,28715.295884090596,28716.73326173513,250.31394245183435
1700134100,28704.683300323635,28706.689393549783,28700.96214099937,28704.205932877507,118.67068127207126
1700134160,28705.50190768961,28706.568512714817,28702.77439897656,28703.73674582291,81.8622097221913
1700134220,28701.98274551661,28703.196050233568,28700.36008957212,28702.65443686238,95.44438071265769
1700134280,28693.296888565346,28693.387535556038,28689.15689791116,28691.824358785063,173.50212676527303
1700134340,28688.53590203012,28689.02413913739,28686.49646570907,28688.164680160506,106.8024563095386
1700134400,28701.219455700237,28704.846452584028,28701.65868571596,28702.917188772306,163.47339524348774
1700134460,28694.642792303956,28698.112035829196,28692.54423212797,28693.245265466325,100.33444491449431
1700134520,28674.9439734154,28679.434850437337,28672.990473972393,28676.52119565393,73.8709719513436
1700134580,28686.18786047361,28689.97922670433,28686.990905524755,28687.832319104728,262.36904078306196
1700134640,28691.629969858543,28696.5695665241,28692.27925009204,28693.739882047983,174.03839999900248
1700134700,28686.012576610363,28689.639041377337,28684.60911477712,28686.2936586002,129.8655462344289
1700134760,28660.825136252723,28669.48242172313,28665.035820421777,28667.307654406675,120.47657206455234
1700134820,28656.26310673633,28660.61072315068,28654.859330631665,28658.372174129414,266.65618917391254
1700134880,28657.06596563841,28661.22272653413,28655.575995213956,28657.715720887223,188.03197313025407
1700134940,28673.455634793994,28672.00809888186,28667.348317858654,28671.70378596583,234.79791608889266
1700135000,28659.45892051914,28661.965205108834,28655.86587403429,28659.264802267393,117.50994038231195
1700135060,28655.397909735457,28660.987202750344,28654.058130108606,28658.250563689257,151.45167786304987
1700135120,28662.933230376744,28670.13606091364,28662.770529801342,28666.352299607996,174.317712197888
1700135180,28634.82043332565,28642.690315288215,28637.033932527345,28637.777091526532,119.10105760235886
1700135240,28648.612140928337,28654.16129947573,28645.292889032477,28650.182525541797,142.84886116459327
1700135300,28638.504439087912,28638.512061738573,28632.060187346477,28635.99311867532,117.51381064091179
1700135360,28639.00274096115,28640.824330494837,28637.11345575363,28639.977064596802,174.09892619398747
1700135420,28645.42006714824,28645.8785672503,28642.111107688444,28642.937262392134,87.48281153438627
1700135480,28658.92724147646,28660.12379352326,28655.088895846802,28655.9522990897,186.56654921731896
1700135540,28662.085074291266,28667.225461978647,28659.49173578612,28662.56339166042,168.05398729000478
1700135600,28632.98950686512,28638.16245765713,28631.954920094653,28634.03590575966,136.82142228744297
1700135660,28622.811800596828,28625.5633978256,28621.239257291214,28624.61855479379,177.64849634013171
1700135720,28625.282743865257,28629.839895667777,28624.41487772153,28626.27701634603,128.2554289958782
1700135780,28622.874085741107,28628.33803245002,28621.373031855306,28623.93725771259,113.51644354418679
1700135840,28631.637891639657,28633.07367130281,28628.728796279855,28629.668586469674,184.4706665433316
1700135900,28639.35093850708,28642.569745342353,28638.36497941624,28639.14098513771,187.6926157399399
1700135960,28649.456639546133,28648.94321740612,28646.06418215637,28646.442405974864,121.15756692776026
1700136020,28647.877844923012,28647.055987774842,28639.77291013972,28643.871106664214,117.07082377897093
1700136080,28620.23377711108,28623.18696612688,28618.93813127287,28621.715062530766,137.9388686887185
1700136140,28617.75553633209,28616.69333797844,28611.513582344975,28616.24928754451,119.00883557377864
1700136200,28619.50070831789,28625.384279845905,28617.498273915382,28621.245705322177,273.15725198598557
1700136260,28605.94364313581,28612.87605982853,28604.316522490324,28608.16033829157,168.44179935036414
1700136320,28616.974269702274,28620.01974672991,28613.190342882044,28615.735635053028,149.28244169139603
1700136380,28625.455732431128,28628.30592238914,28622.55908493761,28626.636354620237,102.19778563152865
1700136440,28629.481071793016,28628.626409092325,28623.448441109216,28628.158758335787,199.45642248579622
1700136500,28595.085157689293,28592.794091878197,28587.784698678362,28591.39339994004,116.20525184791326
1700136560,28575.809720778612,28580.270516466546,28575.528394883062,28576.056339587496,114.30851621209273
1700136620,28599.6323572496,28601.969682028335,28595.4355101939,28598.690609490168,202.1572510774743
1700136680,28593.012333995,28596.965627194342,28591.529989912622,28592.132155973828,173.2835185110878
1700136740,28564.37175106059,28570.035842388465,28567.936325184186,28568.32243729628,54.52290869327909
1700136800,28586.19711992147,28585.902766557465,28579.680903930424,28583.145405956006,139.33647542427104
1700136860,28582.539930783787,28587.25586416272,28579.13174589491,28583.30567305453,156.05489684815757
1700136920,28598.554573396308,28597.734918635677,28595.77075146837,28596.56495892202,129.56225998459462
1700136980,28598.07194020612,28604.708912897953,28599.517719984822,28599.888463024654,158.24515845513474
1700137040,28604.794310186848,28608.353161021656,28600.95855818824,28605.391172659198,71.96103549415263
1700137100,28608.98859493341,28609.78677144837,28609.086236946816,28609.747283631772,47.82706823385083
1700137160,28620.006922610028,28618.242909752964,28617.941712906104,28618.117143374824,100.46533118496302
1700137220,28646.977484584077,28649.857388839508,28641.841036913665,28645.4463087575,166.15130493164892
1700137280,28655.243883774318,28660.324792427815,28652.859807018533,28657.09838478901,40.85452182586777
1700137340,28634.59271753141,28641.949675570184,28635.561946267542,28638.134312974864,105.90914173516887
1700137400,28642.53363552376,28647.414331162992,28640.79462493774,28643.49425115821,68.7788037416062
1700137460,28658.986861816993,28659.294319256704,28655.50771781181,28657.19202037545,134.68656401798
1700137520,28670.94655300896,28675.617486284595,28670.43211405955,28671.624430053882,324.78379122629036
1700137580,28661.6502261685,28671.192832481236,28662.729009906296,28666.505170257173,136.0645767567797
1700137640,28680.279657977993,28681.34535913828,28676.238081558826,28680.48450359943,142.16649373581131
1700137700,28688.693730675255,28695.438094391753,28690.011188603217,28691.617412394044,207.61644776641958
1700137760,28723.968280369358,28724.026581675756,28721.1185257133,28722.48762163768,149.683433871977
1700137820,28713.571772905972,28715.095065817968,28712.148642204975,28713.4876008027,136.18350693473573
1700137880,28706.159663473645,28709.462568141076,28707.145816795783,28707.398793885895,215.00437347350427
1700137940,28702.930708687847,28708.043962903914,28702.31999018017,28703.725365304374,179.2452285584613
1700138000,28699.37547686413,28697.95297984046,28697.714444919064,28697.842699503908,166.57577393889497
1700138060,28688.781485421005,28689.332081540797,28683.220412394403,28687.162450506745,140.39893961633928
1700138120,28652.033775632455,28657.41058268651,28652.73071029351,28654.010344438662,129.22746137551425
1700138180,28646.410849128686,28649.3460280454,28645.34317480723,28648.793950753985,214.1910457872872
1700138240,28650.201960354138,28657.18751545547,28650.51030554268,28653.226247470382,129.72475699864773
1700138300,28643.699724357808,28652.0170983138,28643.12026717443,28647.307585324314,242.8638872766196
1700138360,28670.262920654015,28670.986833632047,28665.730265888877,28670.53215952666,97.62576590280254
1700138420,28671.315067767715,28671.457409968407,28668.856211208604,28670.69266927925,263.35780472278094
1700138480,28683.483036063906,28691.055504066193,28685.743313842013,28686.18501794146,179.25619386770813
1700138540,28687.895924330518,28690.31134109815,28685.573834072293,28689.32206289422,100.74434102663868
1700138600,28701.203861130274,28699.633648991457,28699.132438981946,28699.23895061294,181.92444323535744
1700138660,28704.65712059118,28707.35081194212,28701.47503258771,28702.58984926014,114.42033774919659
1700138720,28718.031404440273,28723.478378392036,28718.749011500622,28719.015264842987,150.4109510562465
1700138780,28720.041086367542,28722.96516440824,28715.195795186475,28719.686537044574,122.162135892395
1700138840,28725.692845451118,28728.397140178076,28725.61350013313,28725.63998554164,140.72887041243126
1700138900,28727.89091401602,28734.632144226955,28727.572269920365,28730.03598074544,216.2796654172925
1700138960,28725.058480957945,28729.85415562347,28724.456559612117,28726.576555247913,182.61948312595467
1700139020,28728.776596578173,28734.728326371584,28728.17261975227,28731.43634307501,94.61857816439883
1700139080,28762.112050242125,28762.46740585039,28756.800257586532,28758.24897802938,96.81107736621038
1700139140,28754.497418889794,28758.270443110698,28750.63573772189,28755.004214724235,165.3906487991899
1700139200,28758.64841639368,28762.556177873663,28756.366064730566,28760.037793438474,170.25117570436882
1700139260,28778.184312562284,28777.0797483384,28772.969668718946,28775.13114084891,113.32071768988462
1700139320,28790.12397150286,28791.329849684196,28787.02404897268,28788.81418022024,280.4866676553903
1700139380,28790.63574755753,28791.56717047831,28784.875335995384,28788.954777232873,205.4901241069682
1700139440,28760.310716455264,28762.158272202974,28756.568811304704,28760.354112797384,115.55764008644125
1700139500,28763.29883868378,28768.795138666068,28764.559546331046,28766.554546621166,111.17414810001688
1700139560,28735.875676708358,28743.930215182005,28738.21399620464,28739.92085551769,135.48686718987943
1700139620,28759.18867739513,28759.64266913236,28757.36566234067,28757.560102288982,129.9640970236145
1700139680,28758.540674242315,28759.72158757648,28759.1852525161,28759.593788743303,245.2953506838552
1700139740,28770.47228127748,28773.004973590636,28771.320284703994,28771.589876981765,220.03996505560372
1700139800,28759.989291780563,28761.92325264405,28760.64246589185,28760.764543323592,150.50974085756638
1700139860,28741.336494374515,28746.102363703154,28741.37009173329,28742.134453643994,194.64204876814733
1700139920,28744.656021248782,28747.509971546046,28740.977797165284,28745.263506253687,206.2708457762496
1700139980,28741.4851247326,28746.26181768939,28740.869468420435,28744.860264974213,151.9124383402016
1700140040,28736.75684203159,28743.015299479535,28734.733905821187,28738.96177506033,174.3469835315334
1700140100,28742.09801822432,28740.073794451902,28736.858708621992,28739.97771042912,188.23195803526858
1700140160,28771.595498971747,28774.058195347163,28770.066625627303,28773.186941133506,180.37577062957672
1700140220,28781.416500952913,28787.336021798917,28782.581588969173,28783.201247701938,108.68768221422279
1700140280,28795.165296397994,28798.5484896106,28792.300404204085,28795.795230972297,113.1728274840761
1700140340,28803.659624929933,28809.790722543836,28804.522341616583,28805.922473670937,132.23255269263754
1700140400,28823.299871328567,28827.866899470973,28821.079752748232,28823.676019397164,111.86964263436226
1700140460,28820.9942238802,28826.104976765295,28816.621546303348,28821.395159322354,82.3319932034101
1700140520,28796.495542540895,28797.055146626764,28792.384946658658,28796.73802363025,194.4900071036701
1700140580,28798.511478205775,28798.47116375067,28793.3090224977,28794.474990034178,170.47066868433677
1700140640,28804.37661534195,28807.759649295236,28800.532565475634,28804.215818554138,86.8561558678726
1700140700,28793.914714961662,28793.613341816137,28792.05776006296,28792.578213812754,134.7785842501351
1700140760,28792.83471836327,28795.120333738585,28790.328109978163,28790.461822406884,137.8664789713699
1700140820,28779.292548921378,28784.181594892387,28782.019714116945,28782.160585490856,159.6170919027062
1700140880,28799.176521475907,28804.622989150248,28799.333704091885,28800.184936512975,96.27715088839376
1700140940,28809.23808285974,28812.203989221176,28805.703678687383,28809.178420697852,86.34943881399795
1700141000,28818.126514847783,28819.630647878283,28815.180378678288,28816.99690814558,182.70810018946827
1700141060,28823.863784733774,28825.25374357251,28824.376411708196,28824.45612390303,80.35185634018382
1700141120,28822.02626068577,28828.58077099384,28819.06901971552,28824.009132872405,135.22426235242852
1700141180,28828.03373994983,28829.163117799548,28823.712916246575,28826.379808262736,130.26477705766237
1700141240,28812.1672500409,28812.18805532383,28810.18819222079,28812.157593296346,141.2718816986595
1700141300,28784.184156553638,28786.01171225669,28783.326040076096,28785.92028955134,164.20030400883329
1700141360,28791.59326537365,28791.60942614057,28785.12140856619,28787.72126311548,281.30183735316837
1700141420,28791.724285715558,28792.418827957637,28789.25796330528,28791.609146190745,78.27303160819301
1700141480,28806.978903752944,28809.114013189992,28803.055576489525,28806.12032101185,210.74157779978933
1700141540,28825.24401052035,28828.38176061451,28820.5482177055,28824.976350804838,54.33327494724263
1700141600,28844.819589737574,28845.21316058957,28842.307764164445,28843.81633262483,259.170062845629
1700141660,28831.564800294884,28834.686618547355,28829.405206391068,28831.8400495053,65.55256001185782
1700141720,28823.765614645057,28828.81416281585,28827.59464910492,28827.612869085904,393.2941696759759
1700141780,28834.024725584335,28838.10845777332,28829.077809229886,28833.37688063648,126.98803484599624
1700141840,28863.176314751196,28868.060587551132,28862.23021732482,28863.759736769385,248.67659184109525
1700141900,28877.531434377135,28882.961141171443,28880.16444272231,28881.520927213955,228.9863533371493
1700141960,28896.05372431468,28897.597765612685,28889.96600731188,28894.953693157935,124.63685678782066
1700142020,28886.670886993485,28892.80340197711,28887.378272997616,28890.300237691343,128.5220278659011
1700142080,28879.691196104224,28884.50195840723,28879.086625886775,28879.70184211748,106.18006876129454
1700142140,28885.60494426635,28891.138880618997,28887.84111186861,28889.16873671808,203.3539519879503
1700142200,28874.46039929737,28878.771939320373,28874.194668605935,28875.960801547266,125.28770822319055
1700142260,28872.48534861034,28877.74309830994,28868.16926509615,28873.099565335502,106.95482924925298
1700142320,28871.853491311256,28872.536285203365,28869.569121557906,28871.72222994748,183.99533513905334
1700142380,28892.085257896713,28893.589603033346,28889.68650507549,28890.837175016954,103.66135906159774
1700142440,28886.42922428151,28887.109171983248,28883.732152544373,28886.580807381437,130.11349178079598
1700142500,28855.515088800526,28860.397306377658,28855.286013428282,28857.309811718565,154.90969681518575
1700142560,28863.38937035251,28865.19156350745,28863.088345549808,28863.363147490516,114.78125703328462
1700142620,28855.60813086339,28859.813065619168,28850.670287191,28854.97488525327,121.9218819342991
1700142680,28855.988022614878,28857.563503452264,28855.408019910104,28855.48645754652,274.23716027221855
1700142740,28852.46104790925,28855.126939324127,28849.95358295769,28854.446001136417,136.7707162653373
1700142800,28848.711230276404,28855.331552991247,28847.202259668597,28851.161553186605,128.52831317878804
1700142860,28861.979941195557,28864.749973625134,28860.266524117305,28860.64564016802,138.37258589534454
1700142920,28843.58843734268,28845.7255597255,28838.63320623872,28842.251261627785,177.99972322935756
1700142980,28835.288373089003,28839.79114993776,28832.192382517638,28836.047090928336,98.14583913751167
1700143040,28841.200481756227,28845.579121974188,28841.2440105186,28844.255545885742,176.07079530030268
1700143100,28834.594547964985,28840.096796083722,28833.99817458083,28836.88652858161,164.40420760906915
1700143160,28820.08455249473,28817.770947426397,28817.33241293913,28817.58084807037,72.56900094151489
1700143220,28826.131664129436,28826.587962908903,28825.30603033034,28825.603512189453,304.2051293231985
1700143280,28840.94185486413,28843.74204499252,28835.444204505573,28839.080647754752,266.22063618307595
1700143340,28839.075730306864,28842.236881748446,28838.012879368438,28838.540705263033,107.74580838221877
1700143400,28811.801738089333,28816.163920786348,28813.80133757787,28815.0105580814,94.72987164412402
1700143460,28826.32739633935,28824.039110489382,28820.98801207267,28823.482195041786,162.58819594431495
1700143520,28806.80127105131,28808.308137689095,28802.74272209669,28803.56354046475,83.90243912543802
1700143580,28808.926240093795,28807.83007011723,28803.319933984178,28807.26913178693,256.13718541671375
1700143640,28796.04494468487,28797.904916130257,28792.582675771126,28796.61956589002,123.05341208377281
1700143700,28781.459984819536,28783.614664425815,28778.490778404514,28782.701494460816,283.92859239679757
1700143760,28776.52367738614,28777.43589335792,28777.15073365199,28777.39857425586,106.72320908430318
1700143820,28772.84763277227,28776.769677449225,28773.059637772567,28775.199003578735,141.89951493090712
1700143880,28770.994675762566,28772.339398932094,28763.233916210527,28767.4685045741,246.38245964774543
1700143940,28772.156270835963,28776.24246044173,28772.716846961146,28774.53294391268,130.41272226878334
1700144000,28769.804302011267,28771.701635768513,28765.70100947956,28769.180111371174,165.47774215284747
1700144060,28779.479413211626,28784.672080750843,28777.996172310286,28780.942401831235,229.76648309045905
1700144120,28786.963330672483,28787.071880329353,28782.58043673542,28784.316479818957,118.81658715111112
1700144180,28775.935879945784,28779.66375087686,28774.56376919435,28775.9457933398,89.59543444080623
1700144240,28765.081973192635,28768.862694074764,28762.290799273316,28765.554514733813,82.80726188552985
1700144300,28743.473057070245,28748.827374260236,28745.116438460227,28745.784559145242,187.42393812530872
1700144360,28752.44386652486,28752.521601815704,28744.972744684208,28749.273357279646,173.38444506220554
1700144420,28744.95680161556,28749.014128523024,28742.13608950723,28745.01830671263,226.9353713493689
1700144480,28718.72243095815,28720.102917349872,28715.994442850235,28716.551960375866,133.0043869689828
1700144540,28709.112389814218,28714.08225650616,28706.605743676668,28710.123381902635,83.7390232932181
1700144600,28697.756540478662,28700.038961742994,28697.155410802163,28699.310973551575,57.910520975161866
1700144660,28715.644764172608,28721.607473321175,28717.198697580807,28718.219104657623,467.39980913066915
1700144720,28698.855820223518,28701.470870876532,28692.980414850277,28697.785761314903,183.23494968136512
1700144780,28678.63509874672,28681.98938388058,28676.891312793025,28680.489551718096,156.76011429399082
1700144840,28691.08738426041,28698.18207407458,28690.844219318722,28693.809187435363,165.91173069425813
1700144900,28713.37683926464,28711.613903341444,28705.846009419634,28710.09034532493,83.71887172398166
1700144960,28699.925860220024,28702.369710657105,28698.431201110812,28701.15055006022,107.9913578067746
1700145020,28691.648497678954,28697.901004263917,28691.35816712485,28693.565520186516,298.07110075867365
1700145080,28701.477797717933,28702.195444135737,28700.013110645854,28700.960344945157,193.1252446294444
1700145140,28675.45669453686,28675.112659693972,28672.26819525622,28673.035147381812,109.35078621030475
1700145200,28648.81491165553,28652.54043731793,28648.540976585886,28650.700823167746,90.85582130253786
1700145260,28649.73104001265,28651.82233147033,28645.052149462397,28647.332022357536,120.75000771465632
1700145320,28666.28741202011,28668.206887842527,28662.264146624933,28665.930709151085,130.82070755205885
1700145380,28660.782196208693,28664.173492759568,28658.491523042903,28660.701948093087,336.85696846512616
1700145440,28660.4821134905,28665.883384117125,28658.94739359108,28661.913189593906,137.64708433202134
1700145500,28676.771923983702,28678.65817876841,28671.356068244295,28675.518660864676,92.22020837761814
1700145560,28702.17044504167,28705.51975015564,28695.83460418646,28700.801277664013,144.97467247190207
1700145620,28693.681265028707,28697.891633632513,28692.26646941048,28693.879095986234,164.9653393603468
1700145680,28691.664274346193,28695.678088439807,28689.16728298279,28693.677055301432,88.92393745313073
1700145740,28710.96681795624,28720.295777173833,28711.511463598275,28715.541717957545,174.31538461568155
1700145800,28700.290289054807,28699.898200821608,28696.935293203653,28697.27532665525,240.70361922119756
1700145860,28708.975615466323,28709.719186116617,28707.935504847625,28709.606299501895,156.8780125645373
1700145920,28699.55958316603,28698.686579511825,28696.29129831439,28697.38651311356,107.89666238049415
1700145980,28696.578559032387,28701.724829453986,28695.294260156683,28698.6161815188,120.11526518595946
1700146040,28697.581842044612,28696.488827461617,28692.928257268904,28695.704752949994,76.43690347550624
1700146100,28685.557910177944,28687.128953966047,28681.734358478632,28684.20861374158,140.67691896634014
1700146160,28673.58993232781,28674.21938072122,28668.593571790643,28672.411390609683,168.05847473333353
1700146220,28675.880760858163,28678.400290381014,28674.061819501665,28675.728362980724,103.68391227789127
1700146280,28687.02843972496,28687.684209158044,28685.761073440914,28687.67483491868,322.4280660701684
1700146340,28685.1505976932,28690.36010725376,28681.78983073929,28686.118000480416,203.75367691779743
1700146400,28686.97089347758,28688.768985824092,28682.098315838914,28686.959358385215,72.44944906722206
1700146460,28696.473229225587,28694.514239352095,28689.93166047687,28693.813447180706,73.04640883341408
1700146520,28680.698449603933,28684.34360118958,28681.068667030668,28682.154021904553,100.12210377907506
1700146580,28691.13624933283,28693.461218472952,28690.467073844688,28691.030332005506,278.45992766238606
1700146640,28698.538979590194,28704.049462722705,28699.816423431395,28700.862449170225,211.9538758426437
1700146700,28733.521442314188,28734.72877695699,28729.992157930115,28732.10596475523,284.1450588109069
1700146760,28730.797263923214,28727.810332378845,28726.409229329773,28727.592714468512,149.0204752999765
1700146820,28722.16378485386,28726.453294458883,28717.590527108136,28722.095732848495,136.48357378537804
1700146880,28728.731417930812,28733.605867966315,28727.969708798544,28731.32332330738,90.10685155112338
1700146940,28740.830689061095,28741.537512196992,28739.06892711041,28741.152573334326,170.69418608540238
1700147000,28735.13086709215,28738.59566867645,28733.3624688295,28734.731527493805,137.21276265512975
1700147060,28731.63426940596,28733.194347464563,28727.99027034494,28729.893575370646,135.11565613852298
1700147120,28732.8716124959,28739.634334293107,28734.006892452428,28736.38714542926,283.5023284668808
1700147180,28728.515339730217,28728.590704549126,28722.887022779567,28726.456134540447,141.09899819290837
1700147240,28722.98051519952,28723.58221199737,28721.08301889312,28721.529726684264,252.7479071675138
1700147300,28721.46477150052,28725.286533074624,28718.36067519374,28722.604839892687,78.63132331782863
1700147360,28738.26814549033,28734.80907617505,28733.918303954903,28734.556104110554,434.95600721927815
1700147420,28724.751739385636,28728.795709537488,28725.98867030654,28727.3009207164,127.82879317774075
1700147480,28703.943920943595,28710.131778039842,28700.22435769317,28705.19230717203,196.9349772058438
1700147540,28680.39467541819,28685.504100007453,28681.24209439159,28682.19313756181,209.87438073973004
1700147600,28665.96394673744,28669.174851588425,28666.574469822408,28667.08018076134,121.63895937919735
1700147660,28651.644415177852,28652.43398365764,28648.130141633344,28651.32216814294,205.94559583548988
1700147720,28651.59313645981,28653.192885849003,28647.501193640244,28649.4668390395,210.27186120308116
1700147780,28635.48042807878,28636.50172874486,28634.74110002499,28635.20027719633,111.58004208400169
1700147840,28628.717690301983,28627.57906819771,28626.748505536732,28626.767217678476,112.1099302857344
1700147900,28616.505876438536,28618.25076155986,28617.08237917678,28617.47818705869,151.12733043482552
1700147960,28610.57853306742,28615.83840912434,28609.578414834654,28612.192092728514,141.71279243568705
1700148020,28625.108527444398,28631.276195978237,28626.907679981137,28628.062144706793,259.1098332315486
1700148080,28635.261980498854,28636.354546276812,28632.117755108364,28636.005515779958,196.57956768951377
1700148140,28634.34991805008,28636.774282840084,28631.911525597912,28636.19906876327,144.29078045309956
1700148200,28631.26104287076,28633.83598773307,28629.942588307724,28630.6667533963,189.1293520762851
1700148260,28626.42451579284,28628.323542026184,28623.782862163152,28625.467961516824,65.45342158802195
1700148320,28628.453575374613,28632.830914458107,28628.668048528907,28629.400919156247,116.03311338052536
1700148380,28637.18389378191,28637.30114257829,28634.977484518564,28636.410948036475,166.5221616102798
1700148440,28624.981166385613,28629.152477494354,28624.323515869513,28625.519537963268,231.86288888108118
1700148500,28628.07969140931,28630.63778936729,28622.022982525952,28625.95730703064,160.7592226117441
1700148560,28603.341127571635,28604.58312377936,28599.850473816612,28601.577872206683,265.9466168191068
1700148620,28602.847619014694,28605.09908771494,28601.640613623007,28604.11843761673,210.01436711489322
1700148680,28611.490848369423,28616.661947796656,28609.89475299287,28613.264228520235,122.07898220317803
1700148740,28611.874717335595,28611.618813415393,28605.7921217519,28609.90340499766,140.3287299989618
1700148800,28630.36050033033,28631.94816768327,28630.19568349973,28631.701728951342,174.75214828162348
1700148860,28622.192338928184,28622.638561058873,28620.08076424359,28621.126867582112,124.03276677181681
1700148920,28623.70314221335,28628.264078075503,28618.84388569697,28623.73615256575,273.8323536572938
1700148980,28620.47236677418,28625.36195220664,28621.70551788252,28623.30625560576,95.25043170029342
1700149040,28620.487709128392,28626.426010286592,28618.74734310053,28622.102683596437,168.41692140618474
1700149100,28619.139073604336,28623.274114297994,28617.341612376993,28620.73081758038,199.17398225332394
1700149160,28618.19849722358,28624.600967885293,28619.445930712496,28622.016077940494,130.92455014902015
1700149220,28633.59934154416,28632.217664467382,28631.049345634638,28632.19158286206,119.63916649238554
1700149280,28650.69616764734,28651.9099380638,28648.017130592583,28648.724417697355,143.96460653589224
1700149340,28650.14165930376,28649.236483988458,28646.262334038733,28648.697414763305,205.36716073051275
1700149400,28658.99020973618,28660.87494970278,28655.926559945812,28658.481207629367,121.51780569687863
1700149460,28654.76910550275,28651.361588552456,28646.19317049029,28650.060004274164,96.7791448432242
1700149520,28659.666326180275,28661.213384536026,28655.70230248712,28659.25146970688,235.15242262328644
1700149580,28651.196712884743,28652.79295819929,28645.547365026774,28650.107571420955,174.11545073741365
1700149640,28661.62797111922,28663.267811227022,28658.341187844573,28663.195490654012,222.10338511751073
1700149700,28689.01834242471,28691.146099099093,28686.083924551735,28689.723181182733,201.08600306810396
1700149760,28689.459567782615,28693.206234198537,28687.875618282924,28688.258174527076,354.9424711741305
1700149820,28660.76773094666,28662.23464826649,28659.922061091303,28661.947652637387,231.82639966072108
1700149880,28653.9242513188,28656.967744879235,28652.326765589245,28655.37077743845,111.09305409009485
1700149940,28671.6903706295,28671.760386424743,28667.20230369267,28670.15327904992,179.12917379444835
1700150000,28677.776249004986,28678.687130098886,28675.882981565068,28676.790200494223,118.74810816937465
1700150060,28684.227890052516,28683.201068270533,28676.86244003107,28679.77716367832,123.76065941979567
1700150120,28694.062503898516,28693.119902943195,28690.13278141037,28691.88118394978,84.352111371191
1700150180,28699.17956434161,28699.995971941444,28695.999990996545,28697.694625220764,132.36387081890769
1700150240,28712.158995116963,28715.531645304436,28708.13729244367,28712.307327470175,184.56721672286096
1700150300,28725.23117694866,28724.95202188158,28721.230745796598,28723.34041158994,144.545063627224
1700150360,28742.627720996883,28746.3446799253,28738.96383725246,28741.600817022783,95.60763096682953
1700150420,28748.35703139282,28750.80473320437,28743.092005724484,28745.906370029657,80.70433303948062
1700150480,28756.427255050523,28757.367850686023,28753.95449894833,28756.769482847587,345.4121612229585
1700150540,28752.232528781387,28754.80305739256,28752.01835040164,28753.083957970557,169.02798640062423
1700150600,28745.06169753501,28746.90628858088,28742.869161416103,28745.86642823185,106.73747683010072
1700150660,28766.322917653066,28767.28158789466,28764.674521872155,28766.347639916876,178.5222750948139
1700150720,28772.02424202575,28771.39699522444,28765.666994559768,28768.942096032748,356.26485577071065
1700150780,28779.840570150882,28781.41979836377,28777.87217482827,28778.600662823097,190.22069369634428
1700150840,28780.900156340667,28782.21380319902,28775.114965022865,28780.085542996032,48.675355383815855
1700150900,28773.853945810835,28774.41012955048,28769.187138727728,28773.047355184994,428.7682980318437
1700150960,28773.029187460004,28774.57225776725,28771.09289272856,28773.179149895983,70.83132935829515
1700151020,28787.559995364452,28795.3717188909,28788.904318854875,28790.411078109195,136.67354811850848
1700151080,28795.449766575177,28801.6923458705,28795.134948826457,28797.073959000547,94.31481478336364
1700151140,28778.511316643482,28776.91577528873,28772.930239719914,28776.536281083783,110.38774872713873
1700151200,28772.596541854273,28777.236100864848,28770.676308606944,28773.953347604867,166.29509219259148
1700151260,28794.060268381996,28797.62526115475,28791.830410557322,28795.340873117326,64.81847018613976
1700151320,28794.38744572103,28796.219381261122,28788.33031479787,28792.775310775127,143.151250314785
1700151380,28769.471834629046,28774.15437000202,28768.888090342763,28771.169566474317,234.84764132488309
1700151440,28794.206906371277,28798.332415099798,28790.538547357148,28793.886153099385,105.92209490396417
1700151500,28804.894770197167,28802.409804788582,28799.86732344234,28802.074863217138,85.10501597958874
1700151560,28800.324303462112,28802.982698471675,28798.044218520787,28801.234708911386,140.36946176510634
1700151620,28796.34377243117,28801.705166707277,28794.403577893583,28796.7776960784,129.62729923472367
1700151680,28810.221274494274,28810.677345980854,28805.882601099212,28809.765919235902,116.96899876489994
1700151740,28803.337024603155,28803.89878563072,28803.23581781677,28803.262118433187,92.26469536218761
1700151800,28818.479366485157,28820.686055557384,28815.962640748432,28817.04119552738,182.66864572359063
1700151860,28822.327277948476,28827.434714756157,28822.065350830253,28823.54753895607,188.31298729428278
1700151920,28826.570623330936,28829.845089800292,28821.756749530665,28826.48372206192,96.90598737634441
1700151980,28827.89700203805,28832.110878869746,28825.69466866111,28828.229899725946,102.42169364383257
1700152040,28825.415999436518,28829.59889114584,28824.308523885386,28826.130283285376,156.74131912587544
1700152100,28840.987135956737,28839.35681813933,28836.656404149817,28838.677964727885,100.88803491848888
1700152160,28830.08241678643,28831.33496023006,28826.034739325503,28828.293850742666,159.40765564341882
1700152220,28813.250638139936,28812.7151326335,28804.49159727013,28808.830749220702,266.99197758385407
1700152280,28815.07454617843,28820.531613727035,28811.392351367012,28816.20403069541,144.9039236817001
1700152340,28826.20331067971,28825.010066845636,28819.558067433514,28823.778890632217,91.33677075581382
1700152400,28829.276645042566,28830.17893826705,28825.333500645265,28829.54178446236,173.61520745359684
1700152460,28833.692548447896,28838.33997711569,28833.439449343,28834.434524897777,138.2326462611767
1700152520,28829.38333467994,28831.870782082904,28829.244649998913,28830.588040357725,139.76147016800408
1700152580,28842.445866638023,28840.197480201954,28837.057586907562,28840.03783281035,179.4917326399549
1700152640,28839.621458525577,28843.617203107544,28836.21044822209,28839.491135289296,195.66714212772385
1700152700,28830.30521171794,28836.17572822857,28832.632245692283,28833.645772559514,150.5357904460522
1700152760,28826.47444745248,28831.53624247459,28826.171667448718,28829.90307681245,144.8542223088073
1700152820,28852.176107009705,28854.207898723915,28853.15093543316,28854.15075319776,338.8022474072556
1700152880,28832.656053935578,28833.507677436755,28832.01598698027,28833.331040213216,239.89986318921223
1700152940,28841.338710242457,28843.291613817568,28837.794519774856,28839.328497464765,207.14487904655394
1700153000,28817.7419290825,28821.627701758105,28814.94921525083,28819.17917233328,156.41025239369156
1700153060,28818.196414730897,28818.628982519887,28814.21995278905,28817.880372273405,99.2560332012805
1700153120,28811.555785901008,28814.469370587798,28810.02341527293,28812.676842451554,232.98045230826912
1700153180,28788.9221898011,28788.48302862908,28783.557756400718,28787.656502891394,157.23125111632353
1700153240,28792.670820202282,28792.889361742502,28788.26031273992,28792.3249539766,117.8169789427349
1700153300,28787.436202510144,28789.146036333666,28785.815331750553,28787.764497230295,134.65875244117814
1700153360,28762.08146493657,28765.321563856873,28758.66683468212,28762.57402111956,100.83918029362924
1700153420,28771.66139277993,28773.69887124791,28771.61762434884,28772.64883820885,226.54228521605535
1700153480,28791.027302313767,28791.587267751143,28787.35276809494,28789.86891234472,195.04198308235402
1700153540,28810.436973356496,28810.140058872057,28807.159195800334,28807.750404452276,159.59717504046444
1700153600,28808.808311660294,28814.158030436007,28809.923909312136,28812.057881740093,145.8947936544808
1700153660,28807.63207106497,28813.253718398624,28810.00875055418,28812.61057940302,113.03894994509442
1700153720,28827.653617431366,28828.74278703145,28828.14886706419,28828.54845885377,63.30541955682089
1700153780,28851.385046067313,28848.914355512596,28846.423998069193,28848.73706187785,84.3377222618585
1700153840,28863.886276546044,28864.090781402498,28859.081533597557,28862.33988631236,110.27109834117047
1700153900,28850.0231999475,28854.63544547829,28847.970993911877,28851.0414350856,103.83607432395146
1700153960,28850.775342100816,28854.113849817826,28853.185803884724,28853.45757332418,166.62474528848082
1700154020,28861.15754832476,28862.6666676375,28858.255068626135,28858.731767055677,205.32569957694966
1700154080,28837.265029070368,28840.59473497524,28835.259582198894,28837.01636342867,140.98088480648843
1700154140,28842.25682721523,28842.668408798545,28838.435262729537,28842.64869134412,260.75122035658154
1700154200,28868.195436353297,28870.058332620778,28865.57581299003,28869.92459325587,108.50984564824074
1700154260,28878.29102943428,28878.578993323168,28876.05576289694,28877.60382724548,140.58118475038313
1700154320,28898.412413605427,28895.565388778035,28891.690323796574,28895.284784222782,145.41694927557117
1700154380,28896.23736586542,28900.136476510677,28894.592808022568,28897.479760984326,229.7230680546017
1700154440,28894.35154916618,28896.799277403814,28891.684029802724,28896.601141096522,154.83419471182017
1700154500,28901.341580700984,28905.18962696747,28900.703178216045,28901.176397777494,156.5581592934799
1700154560,28890.575997819065,28893.851288346406,28888.647074290475,28891.386478001677,76.55908181010525
1700154620,28880.77015821372,28883.460947588228,28876.85848751051,28879.821175754867,103.54821154893828
1700154680,28896.70837603035,28898.770343195578,28893.478487586144,28895.016830440898,230.06937858962735
1700154740,28909.4320871942,28914.018758253646,28911.25017231784,28911.484938555295,64.70659281648676
1700154800,28898.816671072622,28904.218477149516,28899.33114008981,28899.59166276825,253.96515205497255
1700154860,28910.226911224094,28916.158852292174,28908.939558151895,28911.207648422896,181.2479159717333
1700154920,28907.159898419635,28911.960202145696,28906.701759768403,28910.164128715624,110.05623568471447
1700154980,28916.351516278144,28914.871152310752,28910.74095268049,28914.241831609506,106.39732221483986
1700155040,28920.86850781905,28921.580646175968,28918.85960603412,28919.76445528273,316.83531249562844
1700155100,28931.38079420255,28932.81343038529,28927.40680019519,28931.69666090022,261.010940114506
1700155160,28933.8179057981,28935.344307657888,28930.80346719273,28932.689279322578,141.48924277227025
1700155220,28948.044950195657,28951.503161272463,28944.78938375634,28949.6112232662,156.62222440479306
1700155280,28953.69897578513,28955.726424414755,28952.733379171194,28953.324177343322,114.60912840885213
1700155340,28962.79945422795,28964.630326493334,28956.632115119777,28960.814388612955,156.63426901507088
1700155400,28950.68369416413,28952.185342387216,28946.27354674828,28950.815237514507,113.34525613185642
1700155460,28976.378468101353,28979.406519266166,28972.60576801225,28976.71914564297,143.82291564293683
1700155520,28980.487680595634,28984.03285096807,28978.312839015427,28982.357044721426,306.1673206145122
1700155580,28990.126732019275,28994.83781814617,28989.106463748543,28990.913013825568,142.84417936721871
1700155640,28970.692491308306,28974.812467253065,28968.048068557422,28971.614784091027,97.5915827603602
1700155700,28961.101776446067,28961.784883466633,28958.845626984024,28961.74235981408,85.92296859118775
1700155760,28976.973409111688,28979.89722077463,28974.474568411948,28976.596964069104,156.15468757104657
1700155820,28981.472095718836,28980.89046752895,28975.074099008347,28980.039657488614,109.46905846203919
1700155880,28956.49662396735,28960.696669621684,28955.622027079942,28957.07430067067,163.79919498624676
1700155940,28970.200029350242,28972.3704731527,28967.468059707535,28969.533779818474,77.64900710774717
1700156000,28959.62874092536,28965.015799554858,28958.49408097955,28963.008386166242,195.60553482082375
1700156060,28977.259825407215,28983.414522142797,28978.49914860128,28979.94418999676,97.11871064068153
1700156120,28977.624483588814,28983.17312828286,28978.126756142872,28978.890161853516,151.187215063339
1700156180,28980.58970820718,28985.240360655076,28979.796643337417,28981.346642085766,129.6292837200142
1700156240,28995.670015130825,28998.220993411724,28991.697538643355,28995.494097028863,295.1121887559934
1700156300,28987.246428841303,28988.337652979906,28980.424911330098,28984.72418137861,158.95095084412804
1700156360,28973.24236413124,28974.879592456564,28972.23779474649,28972.8100196846,323.1733217810876
1700156420,28970.24923857301,28974.397169247637,28967.343475234447,28970.45203863982,185.73054861486074
1700156480,28979.91919928639,28984.52337169339,28977.541677707304,28980.378112235278,262.4767138424037
1700156540,28963.468512469884,28965.094054388297,28961.06359627635,28964.407585203917,136.5213096962025
1700156600,28942.548509609493,28945.581326803218,28941.035888149614,28944.39117000525,170.40896419609624
1700156660,28955.660129273158,28955.62576481652,28949.47848377844,28954.275821129773,241.64203469880914
1700156720,28948.406232593385,28947.870489973877,28945.307435336832,28947.040081378967,213.147407306573
1700156780,28939.43165586444,28944.29604425841,28940.834534615246,28942.333369223925,183.5335181943353
1700156840,28918.509681222255,28921.01681045789,28917.145517971534,28920.051644400643,130.16801862025918
1700156900,28912.685434512685,28914.881589183053,28909.756800332227,28911.90389262842,139.28043274605272
1700156960,28912.02750740675,28912.321162283333,28909.444313707285,28911.813085068847,233.9400253634912
1700157020,28923.18304725367,28924.327215125453,28922.6312343928,28922.97761936032,254.26181388990585
1700157080,28913.65970912094,28917.050460595237,28912.981646480737,28913.722857365505,117.07970103243902
1700157140,28932.666004623818,28935.604096423962,28928.93449612533,28933.611370808296,110.22198858545697
1700157200,28920.326713025937,28927.504012227404,28925.055241259786,28925.396698518136,103.37327689246649
1700157260,28916.820083776787,28921.189223163907,28914.248868935712,28917.199596899114,206.82649353335364
1700157320,28934.322691221038,28940.570445288344,28931.8750123768,28935.64788752189,102.33072716737436
1700157380,28941.558362762637,28941.010748266526,28938.12609170805,28938.185409350255,205.82810164644252
1700157440,28932.530912587674,28931.956448459434,28930.44737186245,28931.561112602118,184.6156575461534
1700157500,28927.24188502252,28930.21402989907,28927.814154873704,28929.69951502795,119.33841280761959
1700157560,28945.131767175742,28950.778901568603,28943.40231072311,28945.936397958456,277.42308553937056
1700157620,28972.309060963693,28966.927006357706,28961.822855320184,28963.530831793963,82.68981485940041
1700157680,28952.381267238085,28957.491659234387,28950.484317351973,28953.729313642718,288.2456419103597
1700157740,28949.383779132513,28956.598926710198,28952.088120335517,28953.22010792177,168.6042656559534
1700157800,28958.293805026024,28955.200077862257,28954.174575171637,28954.301989853782,64.75516445595515
1700157860,28939.42833317629,28944.708919331704,28942.45925327349,28942.46710852758,280.5499697375401
1700157920,28947.342799157035,28945.78929008388,28940.071327836034,28941.798887895784,218.95911035759937
1700157980,28939.986764331094,28946.194577035913,28940.05444822523,28941.8627622212,125.05020874753438
1700158040,28955.562573220468,28956.731953542178,28950.802255381514,28955.545275968445,100.89816833290287
1700158100,28974.734318738665,28973.014185262346,28969.810472745576,28970.034376308176,79.23144893088286
1700158160,28965.191587873393,28966.86937304156,28963.433538227193,28966.08386352787,390.01237318045327
1700158220,28961.214746303234,28968.30781016715,28960.62735923022,28963.51642580154,102.58043785075374
1700158280,28970.760159418565,28972.74895487117,28967.99155836672,28971.487933426208,89.5291772726409
1700158340,28963.296016764965,28968.098847682104,28961.27199903838,28964.465672039085,165.2017822951199
1700158400,28972.35270608461,28972.684918581068,28971.488656391313,28971.529353859933,77.07990517234117
1700158460,28974.197255521944,28973.554745725894,28967.315187644457,28970.474476011503,100.22128994900133
1700158520,28957.457965033962,28962.13801461375,28957.22975338014,28958.841693078637,220.9613231131497
1700158580,28943.86014468519,28949.001793041356,28943.495307717345,28947.359652524083,178.6956783289939
1700158640,28962.465195168003,28968.818526203588,28963.78252994578,28964.724356876457,127.16074771083703
1700158700,28966.82305078594,28967.274153617975,28959.26627086685,28962.847299126737,149.50392836471195
1700158760,28985.56133706794,28986.806897904786,28979.40407158507,28982.531548253515,124.33901014299899
1700158820,28978.059848608533,28978.02190422226,28973.1064586983,28976.367913124937,144.7779046703087
1700158880,28983.048326441076,28983.58407683358,28978.98263710308,28979.862375538516,109.428946363328
1700158940,29008.48611637562,29011.37194998908,29005.22862620807,29008.574496214733,117.67237410012076
1700159000,28995.099023668416,28998.848996901233,28992.200963235566,28995.885855278775,116.24833769667956
1700159060,28975.972587846463,28975.49920670627,28970.66502997379,28973.112081279978,111.01392670552504
1700159120,28986.99690593687,28991.552468595266,28986.849334440485,28988.551162855423,225.32964041879967
1700159180,28977.427245702667,28979.307724380888,28977.796679344265,28978.629453590707,201.95541532061665
1700159240,28979.477295471122,28980.42521338702,28976.93117459588,28978.380977221434,102.21257289343502
1700159300,28971.69500266798,28972.23831750595,28967.53081688375,28971.349958696013,92.04176882476321
1700159360,28978.467514418782,28975.968439722332,28972.520908444745,28974.567912067476,139.3640177570417
1700159420,28963.826001893824,28963.800550260858,28959.64791137128,28963.16147758125,351.46672439004027
1700159480,28960.987426578387,28962.06467455276,28957.301739901657,28961.00219652665,98.3879088061079
1700159540,28966.06248525487,28970.309626724265,28963.029129324706,28966.399980445327,139.14412189194113
1700159600,28953.542519985996,28957.049456120923,28950.93258169162,28954.300273810037,153.7746417650444
1700159660,28945.410781967825,28946.017481046845,28942.845224432655,28945.899265454285,142.1017187495239
1700159720,28942.259358845633,28945.673293870113,28939.138561557535,28941.730671451103,123.55866336750061
1700159780,28924.012496355277,28929.132228220034,28923.595802806038,28924.584886240387,235.57562540218382
1700159840,28917.510090460182,28923.916300825716,28915.300137512193,28919.514154446802,177.9999820015837
1700159900,28921.130709072255,28925.054797340003,28916.1183920632,28920.939712925636,208.16314630677277
1700159960,28915.50993584491,28921.10620784058,28913.812705298573,28916.145125626575,187.87032794377694
1700160020,28913.260949836724,28915.820617489087,28908.222413931973,28912.888607711397,212.21063202586453
1700160080,28913.943305493478,28917.462725803092,28907.6598149719,28912.649787660517,279.71251209483415
1700160140,28903.735106777494,28909.525087273836,28902.3498865484,28904.78086611133,252.75422824329547
1700160200,28914.184068790073,28914.63981055425,28909.451840032983,28913.073616901733,376.1250183880585
1700160260,28929.53306059737,28934.62252317963,28927.0864027081,28930.305354399352,241.5161905747629
1700160320,28924.676278949988,28928.695153020803,28923.546465613003,28924.732789693007,113.54750429351702
1700160380,28931.16303782378,28934.434162357746,28930.319721251966,28930.55516847074,208.28864138896495
1700160440,28928.336048269815,28932.16116646198,28925.41298604965,28927.679762605523,197.19125031678553
1700160500,28933.08185273082,28933.986560795587,28928.129585759005,28932.065610745987,319.9350358108959
1700160560,28954.146567464606,28952.855239949862,28949.22929180698,28950.854965120427,100.79982235953189
1700160620,28956.19308944632,28960.15914118266,28953.036686030675,28956.95887963664,185.52329108161945
1700160680,28935.21481152037,28939.36692786,28932.403896761112,28935.677905170927,113.02079881592248
1700160740,28939.426512243394,28945.52453826158,28937.648145989202,28941.12585274829,182.18415964016216
1700160800,28956.98313147261,28960.299444271295,28954.491513226112,28955.920217667997,136.19685932477964
1700160860,28949.47029637707,28956.867761749952,28950.910826713807,28953.261063628022,179.78964375332723
1700160920,28965.968153197136,28969.993145190543,28964.300162301308,28965.208681301436,84.42509787360459
1700160980,28958.677514092,28957.82043790234,28955.69439216721,28956.92729480761,203.83087229779787
1700161040,28941.088194733027,28943.852524129245,28938.651574677882,28939.100824893343,161.1642137043634
1700161100,28944.262697925795,28941.115810529504,28940.160986087856,28940.794853119336,157.72880791419013
1700161160,28916.651876685595,28922.495241876342,28918.6645650739,28919.71713247038,323.78875743674894
1700161220,28914.09774553412,28917.2908651007,28913.93870925878,28916.839880315656,127.35858868030789
1700161280,28931.080497141633,28935.121992343393,28930.075931869666,28932.281987467402,170.18841892560079
1700161340,28911.157010214,28911.315381160726,28908.03013503562,28909.364832598447,154.48674188532797
1700161400,28890.38833568436,28894.418918204992,28889.705308812994,28894.01087104748,160.64800450394898
1700161460,28882.329922428584,28884.86706813066,28879.00074564883,28881.62648410554,360.9435452870213
1700161520,28881.404697451464,28884.522635787125,28876.25109842083,28880.86664578901,152.24983714975588
1700161580,28873.603526200382,28877.348971429354,28873.303219549867,28876.478044361254,118.28394886978766
1700161640,28891.949859772645,28896.73986453815,28893.188742958966,28893.267680941608,313.67616064140515
1700161700,28900.3176546132,28905.61509863645,28900.15248243563,28904.71986089071,131.22645485844188
1700161760,28910.165691722894,28911.35011849011,28906.375819565128,28910.663136243533,78.09521138835474
1700161820,28913.204761614816,28913.147516348283,28909.234343901753,28912.41070001566,110.35059420608238
1700161880,28918.353067106396,28920.12484968425,28914.455589560825,28917.129457339477,90.14008879879255
1700161940,28910.479661430098,28910.67962311635,28904.521038709125,28906.785669075718,72.24143790567324
1700162000,28917.62938486401,28920.056661825765,28914.661319089562,28917.072193318396,128.3542472918569
1700162060,28901.43847558843,28907.77441953118,28899.881559061876,28903.727662266087,144.3027630988427
1700162120,28912.554517847602,28916.709572898264,28911.18647818112,28913.752186192913,237.9858376078502
1700162180,28927.94528020522,28931.972502455083,28927.105772724826,28927.98589621834,190.90208351174726
1700162240,28932.506140331025,28935.39888394906,28930.22538360753,28930.516271443394,187.45404522768425
1700162300,28927.947968699824,28930.356513775692,28927.77078335442,28928.40171473585,103.82595606695706
1700162360,28931.179806225176,28933.9551445202,28931.948228091383,28933.20543363557,211.44677348097562
1700162420,28898.00577468142,28899.544197252886,28897.028542587163,28898.86721319436,258.91326839592347
1700162480,28902.160841476918,28905.481699799468,28898.03223175531,28902.494311816186,173.78664290350505
1700162540,28902.72797914867,28903.869579171384,28899.93862768111,28901.134063842106,175.74024330367035
1700162600,28898.7921628572,28901.447703378133,28898.928533695413,28900.526526485424,89.4896593055284
1700162660,28915.268726277685,28913.415441453537,28907.889843942565,28909.0049166402,226.28026080305088
1700162720,28907.34199816369,28912.891431423694,28905.37898048789,28908.107689581422,302.5759194904828
1700162780,28889.28456333972,28895.691285517125,28891.339773820135,28894.425207301607,168.87874287524465
1700162840,28895.74512202637,28893.76278990621,28890.067737592217,28892.728375251703,117.0097294055774
1700162900,28894.021779970073,28894.608650322207,28888.779757804587,28893.53904106067,139.10124615733918
1700162960,28894.934069979896,28896.855355648102,28889.941357911375,28894.918247999645,125.44052150444529
1700163020,28897.786446035178,28901.12741628356,28892.67430045804,28896.861280407065,128.48602438052515
1700163080,28907.260960460968,28912.31351199579,28905.307228221634,28909.333708946087,192.32626475886582
1700163140,28895.356392280966,28896.63906146834,28894.471030425928,28896.301294309676,165.96644753904792
1700163200,28898.105099038563,28900.774595209517,28895.510782252848,28898.409699783657,221.75532676482436
1700163260,28912.294311044738,28914.340514582214,28912.13149407233,28913.888856167076,172.14910966432328
1700163320,28893.040016785686,28895.104588773873,28889.15173897296,28893.07351820383,105.04247691590936
1700163380,28888.869549395542,28897.246879084705,28894.37012267773,28895.22927837319,121.4767869308345
1700163440,28887.902042482197,28891.44649967806,28887.12137777804,28888.20473634951,118.49414746622469
1700163500,28883.365647538856,28886.50348157065,28883.562741381484,28883.756211735836,137.74607711763375
1700163560,28876.31945779641,28877.272295608956,28869.85382333057,28872.89852169726,304.260875518797
1700163620,28871.950813763462,28870.945289022184,28867.42122181491,28870.863913108857,324.39432772672376
1700163680,28890.66422511838,28896.828974592452,28892.942169050824,28892.95898048198,207.39817164913617
1700163740,28880.456729848574,28877.899107852634,28875.231887327882,28877.785816147854,155.63375438816172
1700163800,28868.06561046671,28865.27194526049,28861.866123425658,28863.750496118108,86.08533848428625
1700163860,28848.06265033377,28852.525596967043,28844.16537736705,28848.127281276145,162.06594532219935
1700163920,28866.114811700736,28872.30837157407,28868.66184698569,28868.856300715684,108.20170037774535
1700163980,28863.223461792037,28864.168207641258,28863.065395805337,28863.308224249427,284.92009103657443
1700164040,28863.672804730508,28865.454478245814,28859.899510031624,28863.000555525254,78.06624210914752
1700164100,28861.884136107463,28861.77668113687,28855.208965959082,28858.16716023198,173.0868918323843
1700164160,28845.92957744574,28851.52080229784,28842.67863557615,28846.83408569114,104.61681028917243
1700164220,28842.689727714,28847.18388392786,28841.05094348598,28844.012277931768,147.84936121665615
1700164280,28877.074666198812,28873.634578257774,28868.76434705765,28873.51120120061,193.7226072154822
1700164340,28887.946987354906,28892.714561550783,28888.644129041128,28890.2160522523,223.36059323128518
1700164400,28878.44940738701,28880.745606634646,28877.991191406767,28879.98079843879,144.85364960140578
1700164460,28885.48705579044,28887.990585427906,28882.86331434302,28887.751687675533,201.2376645125685
1700164520,28876.606364219868,28880.765967576943,28877.235793186675,28877.773414403535,113.8648205965331
1700164580,28855.14963731976,28860.341612249933,28852.4774784714,28856.45700273738,163.7294472906768
1700164640,28867.649691951956,28868.87143652684,28868.633290176058,28868.69113374936,221.60199682488366
1700164700,28880.87530326608,28886.53019426391,28880.179681662063,28882.61224790908,169.49777353643861
1700164760,28898.802390459903,28898.696814320712,28894.39786323481,28895.164874921655,120.09252909538132
1700164820,28892.528610798265,28893.286426371862,28886.532183412382,28889.52649193102,132.73876887630314
1700164880,28888.997198923375,28888.748824986575,28883.534333274456,28887.525183122994,222.79730791629942
1700164940,28896.782010110237,28898.49034704436,28896.357158255138,28896.52236976689,95.89579692355143
1700165000,28900.444048368456,28901.81907635111,28900.401458582113,28901.22032221507,101.72508672154201
1700165060,28895.84730925305,28897.69112731068,28894.7836206537,28896.496672559508,188.79004110293704
1700165120,28874.833599095175,28878.581759075474,28875.78881588881,28877.067810718087,124.50458744619021
1700165180,28876.13732245063,28880.031496245476,28876.518213598763,28878.434313047794,82.99469760344988
1700165240,28893.127198935214,28892.25762815911,28886.623087219537,28891.382428718625,254.76141170896392
1700165300,28876.534217030116,28877.95492824057,28876.505338613017,28877.011369250216,95.598763401987
1700165360,28886.372144925772,28889.183833829287,28882.560071287,28884.676481830327,137.0338526134215
1700165420,28889.031476248638,28892.574450246007,28886.369525313894,28888.65498217193,115.83789333991356
1700165480,28897.013178592624,28899.379149848177,28896.255051071574,28897.65676133072,131.75269014671557
1700165540,28914.93789148029,28912.858685024752,28906.727934538907,28908.120467327346,104.1833384622531
1700165600,28894.964396344963,28900.981497988207,28896.213123615496,28899.786884424244,197.4946894418
1700165660,28879.25055426747,28882.417473889516,28877.29415240901,28880.383371622265,155.1402287789271
1700165720,28875.172543864897,28878.048763871244,28869.916977215402,28873.98113731407,219.96345921598612
1700165780,28880.795925613933,28886.865096975413,28882.625299012005,28884.650665124394,116.31856945868793
1700165840,28878.841480623054,28879.31974489662,28875.113063147182,28878.14661828208,348.35034364868335
1700165900,28869.553059624133,28871.660775733897,28865.350157692377,28869.81809839579,69.27890687720905
1700165960,28848.93612591349,28850.46549965457,28843.705251934112,28847.961894292694,78.72384037700915
1700166020,28865.68968127242,28872.09688686561,28864.393547984804,28868.993664947306,299.23641275702937
1700166080,28879.11219805702,28880.930261142315,28877.557353531767,28878.90222864441,179.39976989342978
1700166140,28887.84201221823,28890.297502075307,28883.213874497047,28888.140980419706,170.12856794158103
1700166200,28897.34612075501,28901.073403125065,28895.671735483702,28899.75368506106,176.35696000967286
1700166260,28905.50390648466,28909.35092189167,28902.700146369374,28906.67418539958,186.50963651303394
1700166320,28903.850935267696,28904.839520306276,28900.404346132633,28903.742239137428,167.31982290853583
1700166380,28899.556287943247,28906.1147009785,28896.8607300211,28901.77706988796,100.85039724386337
1700166440,28891.569331054,28900.383132864186,28894.438481372625,28896.646297512856,205.87647685605597
1700166500,28927.62836566824,28930.314581507908,28924.555490042025,28928.263186565837,193.30539283614021
1700166560,28934.700610765685,28938.670270176593,28931.440074501486,28934.93413094143,262.79452648106445
1700166620,28929.027271477975,28929.403505354258,28925.708081112978,28929.36852564521,300.5747366662055
1700166680,28932.333627933545,28936.67693304842,28931.19716286436,28934.954486935207,169.38774429226385
1700166740,28924.022455390997,28925.025565661665,28921.870280465326,28922.82405992093,90.82916122815264
1700166800,28941.434775663427,28943.22713308173,28939.13288319549,28940.878140544002,301.5721142515003
1700166860,28936.020197292568,28936.68896878287,28930.984041415188,28932.945311394316,98.7646775346641
1700166920,28941.326072311065,28943.772373723597,28935.218337515886,28938.958336585787,169.8958627799754
1700166980,28952.7856681481,28953.650053794918,28948.168828264108,28951.750068142705,133.92854740746714
1700167040,28956.479164661283,28958.120289920804,28952.200459646985,28956.367290673163,124.92953519659405
1700167100,28953.96276392346,28960.5535067079,28953.558334785546,28957.500930575,201.48602993031017
1700167160,28956.55856998342,28959.036823664228,28954.650386196325,28957.63055559327,163.65881095025665
1700167220,28958.777419451006,28957.660014099703,28956.25351999819,28956.953262430627,182.23491499330348
1700167280,28951.488841534225,28954.840584915957,28946.855604267334,28950.032880563496,107.0959845193873
1700167340,28941.8895820398,28948.686729190307,28940.203782988072,28944.63907940626,138.43072415005673
1700167400,28960.140943192815,28967.186661655192,28959.178292073124,28962.394163890072,109.09139401045944
1700167460,28961.035424477403,28962.18088869127,28956.61359215496,28961.09172429785,137.05350058405898
1700167520,28952.54722199633,28951.751215140102,28946.66690397457,28951.662169065254,141.52765080651736
1700167580,28943.216732231507,28947.652905781608,28943.670586737797,28945.466597902916,310.3565101009264
1700167640,28960.657700324737,28963.339090886242,28955.054597599545,28958.671046071286,133.7864128340823
1700167700,28965.99426487314,28967.469952363615,28964.078532506253,28966.778325669256,63.41882046730665
1700167760,28968.95695782626,28974.08820342222,28971.227416804504,28973.502275808045,259.31320451029217
1700167820,28970.001310056625,28970.756785342357,28969.212686027666,28970.41202142113,177.63018018771734
1700167880,28978.843590021726,28981.117461057864,28976.06279808322,28977.292371063202,140.83596244151494
1700167940,28968.748900158454,28973.499270232966,28968.644776129997,28969.569637563796,124.60065376573041
1700168000,28967.394286625677,28969.931149465963,28963.296851655152,28966.454269187645,101.61891992859273
1700168060,28980.880154723855,28978.35838226196,28977.38165755313,28978.091923036347,322.21506903152516
1700168120,28987.18118312963,28992.199696862448,28986.42632283429,28988.583255183374,151.52307983079717
1700168180,28974.56466823087,28979.043481074277,28974.183670835606,28976.800337031968,74.06177502632221
1700168240,28967.155832941207,28967.323491706746,28964.34284721112,28966.534019597064,169.20246460917187
1700168300,28968.592916779016,28969.31407548325,28963.563797863455,28967.838445430825,240.43954379990979
1700168360,28990.475164709103,28991.057768126524,28986.33618712789,28988.55203392686,157.99665585707098
1700168420,28965.865123154166,28967.213509314577,28965.15109148841,28965.56525195323,103.47837059647115
1700168480,28970.02998399392,28973.75399336178,28963.94424952221,28968.905247228075,99.84013787604209
1700168540,28954.414792622607,28954.766435957736,28948.1678092939,28952.3927272492,102.82951563803094
1700168600,28940.99641766609,28946.64150787815,28941.48053789986,28944.78075532689,272.7793424155161
1700168660,28939.47462867662,28943.77344145496,28936.625996206076,28940.40761431012,144.2192019488183
1700168720,28934.21672397282,28938.614239473158,28934.720560690104,28935.361514188877,75.83123159655425
1700168780,28927.189163775103,28928.968159314994,28925.12638894245,28928.95596291297,173.06263315548173
1700168840,28927.500375203963,28932.134816128986,28928.003702928923,28929.042447637483,157.02652093408227
1700168900,28923.44560074351,28923.838225711763,28920.17450019005,28922.619380837918,124.0198722997642
1700168960,28904.524786973725,28906.946060427606,28904.179978273045,28905.069892219668,98.67556008242533
1700169020,28914.96638853846,28917.960072023616,28910.659402748282,28914.42832756994,96.97391648157156
1700169080,28922.585866326175,28926.24972468078,28922.233124173166,28923.462793575727,229.21341806924397
1700169140,28932.897503524084,28935.424161016774,28932.31484320354,28933.580885296,163.85880998882868
1700169200,28915.85739186256,28915.929123100017,28914.54595959413,28915.09207134083,179.7303129283139
1700169260,28921.337686617684,28921.20650010808,28915.07605688702,28918.67908917184,163.67839948401596
1700169320,28926.49836132759,28928.387665559057,28925.31161228762,28926.790835441523,169.19899068991927
1700169380,28914.824949595863,28918.98104966229,28911.82501055424,28914.416410620248,123.0563197385436
1700169440,28918.30723409385,28917.198222799878,28912.8652718116,28914.526489598433,136.6835306212941
1700169500,28912.115966316935,28917.461109825563,28909.2577835606,28913.13128985471,236.5039056495434
1700169560,28933.306413533046,28937.188002899948,28934.104679475062,28935.23709775753,261.3436131985641
1700169620,28953.274337251263,28962.46823602062,28953.62687770145,28958.33105020168,91.0276407495247
1700169680,28939.141168488357,28938.641457992577,28936.752073607266,28938.358773481716,136.55076725437155
1700169740,28969.36332134355,28969.776492678295,28967.766639444,28968.285897550453,207.62096706140812
1700169800,28959.522030957494,28957.69406856184,28956.10166273254,28957.303188896614,315.0816756160178
1700169860,28968.65398461557,28969.22951933212,28968.70156378321,28969.071268428543,302.71259757808235
1700169920,28980.31260783779,28985.31155542552,28978.373550543944,28980.717244198906,107.95310005120194
1700169980,28970.39155414638,28972.353305198805,28967.51770537319,28968.768961476806,247.15568637629622
1700170040,28975.03803476688,28977.813725325217,28970.25794478065,28974.688175002873,151.9352617896905
1700170100,28977.35510140546,28976.06023411874,28970.81212697058,28973.397770071682,225.37521952140008
1700170160,28978.196976631603,28982.897500308354,28978.882887883625,28980.04973012727,203.42786541301874
1700170220,28984.359156275183,28986.01124966277,28980.561446106312,28982.817797755837,89.51573169599183
1700170280,28997.243184283107,29001.306770553983,28996.19390021958,28997.173871580282,184.9322575567566
1700170340,29000.93205294063,29001.063108877013,28997.18501921841,28998.078666098034,221.91149616660795
1700170400,28997.228884463842,28999.80708108047,28994.56089491425,28996.064177264918,147.22144737968486
1700170460,29009.77613036864,29010.621838320752,29008.67544073776,29009.216948061603,134.4877919938376
1700170520,29016.204281333827,29021.06550832899,29015.238461955352,29016.181699639907,79.14918071972048
1700170580,29024.00399534071,29025.122946413943,29020.27322600678,29024.963460371757,195.08727189440594
1700170640,29014.11027013768,29018.92130328104,29013.654407131165,29016.988420304653,161.3376456820618
1700170700,29002.979845042333,29008.85551468539,28999.839753610588,29004.445266927873,102.62960451178171
1700170760,28995.708272122545,28998.535216022272,28996.3483665015,28997.63260120884,130.27713658668634
1700170820,28987.290536360786,28990.88943504534,28985.89767790167,28990.182744580674,157.8746398844499
1700170880,28998.477720041465,29001.44428963901,28997.80577177024,28999.61713580451,118.69363580462164
1700170940,29011.402358799274,29013.46991791062,29010.607969502424,29011.328944408036,148.5721726076924
1700171000,29007.44915712114,29014.134351236957,29005.443845433627,29009.46738093365,73.70177928122692
1700171060,29024.492390587617,29030.819006833084,29026.340158500225,29026.63840915954,254.61909383634887
1700171120,29041.76291020879,29045.380490073174,29041.035777690046,29043.06004188472,149.36062951684167
1700171180,29048.890084075603,29050.845704385938,29041.88425553897,29045.98082888153,95.60820066603799
1700171240,29037.801047929202,29039.32951964381,29033.03220299578,29036.118127623013,55.48520788561725
1700171300,29055.5723556243,29059.390941076148,29052.432318939238,29055.022647416237,224.00177510809644
1700171360,29052.731197162426,29055.520724106333,29052.52226959638,29054.290439203898,185.53371565591766
1700171420,29055.84711439921,29058.249241932568,29055.429142409128,29055.804421561068,161.46272085331958
1700171480,29049.455423986892,29051.877747320574,29046.774301323614,29051.729161253792,209.65413578308656
1700171540,29038.421204080736,29041.09607830456,29040.1778087046,29041.051677338226,209.4236761196096
1700171600,29021.02966323709,29026.95527027914,29022.151461799564,29023.428004174442,160.4167679036564
1700171660,29028.61134292817,29031.61389216946,29029.842845244657,29031.02242405713,134.06359984984792
1700171720,29023.69559921969,29024.360652595926,29017.08190437694,29021.62161141037,125.60516308500418
1700171780,29057.370715159417,29061.81602356938,29054.517544194714,29058.33598615833,175.62952582219728
1700171840,29046.518161248892,29045.46427609813,29043.016454169785,29045.30310316698,259.51449279092236
1700171900,29033.512646129922,29032.45822046293,29025.437398297443,29030.214513467203,142.428302319595
1700171960,29036.91112031868,29039.756937739498,29036.072261150635,29036.336178054567,267.89388814985887
1700172020,29052.03846587092,29059.13659474145,29050.219587896067,29054.687939802174,172.30410868843938
1700172080,29054.541531665254,29056.9591661885,29055.16087900705,29055.46301568549,172.8244582939064
1700172140,29058.294305984527,29067.20100737616,29060.374271248067,29062.32992472774,388.40312683161005
1700172200,29039.8528954277,29044.430063216532,29039.937331326353,29040.207355718234,287.45642584929794
1700172260,29027.181611662745,29035.33039253034,29027.08237221114,29032.077217169932,290.45355899765326
1700172320,29018.83878596925,29021.153455956515,29014.62188090778,29019.193828420284,107.87299216824329
1700172380,28996.408317628604,29000.008830101906,28993.529283444677,28996.45327822091,356.69212004815927
1700172440,29000.41582120504,29001.938007374545,28996.767818159202,28997.857041029194,143.61172193436082
1700172500,28968.721984089287,28972.459608944304,28969.559220943884,28970.94310956987,135.504320862924
1700172560,28956.0810082347,28960.04090830136,28952.829041146535,28955.07675797682,62.57092007511538
1700172620,28949.924527727475,28953.173529297434,28947.0165315362,28948.63043244866,169.10440915684555
1700172680,28936.092541289723,28941.082509618962,28938.54843289007,28938.655002417247,96.22203800810331
1700172740,28941.09545910614,28947.026054022608,28940.130624403148,28943.411904443732,174.74041527863918
1700172800,28944.81476401214,28949.698911219653,28944.011727226094,28947.07886674656,93.25838244961402
1700172860,28958.528833965895,28961.60910445877,28953.282898181693,28957.804451697786,304.6245196593171
1700172920,28966.93500822095,28970.96796750973,28964.44878628981,28966.833056490337,185.05065254639382
1700172980,28980.642518758068,28980.63892273846,28978.799265153684,28980.522809962677,369.4253278685764
1700173040,28978.934752801222,28980.895449311072,28977.942203247978,28980.499789162568,98.57230969225701
1700173100,28981.034262635378,28985.82372905175,28983.167917017887,28984.141391972367,275.7988230326273
1700173160,28989.543263285,28994.867624558556,28987.15185463627,28990.279556395395,72.16210403100322
1700173220,28988.029654593374,28993.970804679808,28988.12927235014,28991.97943676409,161.29422644379636
1700173280,28985.418716209017,28991.650666121095,28986.445796478205,28987.213105045084,115.27847835231019
1700173340,28983.693393421236,28985.535964196166,28981.63187854483,28983.223794633006,124.06645952014746
1700173400,28971.755671040788,28974.857358454607,28969.074088956215,28973.413093853047,120.71126240668073
1700173460,28975.060615254548,28982.975721727278,28975.944837068797,28978.472495811966,102.93662687975858
1700173520,28973.347735756262,28980.147667567537,28974.685130489557,28977.344313722944,89.66896094375512
1700173580,28967.012446026103,28971.188650190452,28965.774187730036,28969.386228715302,124.34118476518718
1700173640,28961.38794197609,28961.661325901543,28958.5498268073,28961.439290883405,155.46355931496174
1700173700,28947.347892658127,28947.469171812256,28946.566607309644,28946.914506150013,236.3887611299713
1700173760,28957.50846323774,28959.35715388307,28954.640793685547,28958.66060224486,167.0244416091134
1700173820,28956.2560652887,28961.428195731292,28954.989834092998,28959.60401427924,236.65800462413907
1700173880,28948.382875799936,28952.287078823087,28948.98402787941,28949.250414044363,82.16498607992789
1700173940,28958.04392329585,28960.490937611696,28958.346738257296,28958.952987039585,124.81245338759096
1700174000,28952.12480561342,28952.555239490877,28948.717725311017,28952.227601322054,197.23619454705536
1700174060,28936.005375923167,28936.67363748449,28932.327224135333,28935.349593797906,170.2514228340439
1700174120,28947.928530281824,28949.647669523038,28945.69167627368,28947.604261268538,105.16493782744715
1700174180,28940.88824542325,28946.120447037105,28938.46285414904,28941.159097393742,215.643710394764
1700174240,28932.81610831876,28938.217242834995,28932.735615471232,28936.25230831124,119.99987813249729
1700174300,28937.22589611249,28937.192445649165,28934.224086246024,28936.74646855543,108.75031597072591
1700174360,28950.35231507709,28953.363113301282,28949.756597605734,28950.45753922891,180.32830463178547
1700174420,28952.428742040116,28955.296187082437,28950.250806573637,28950.697986719304,148.77985737517125
1700174480,28934.875319072617,28940.24205969987,28934.11428752962,28936.30858120556,120.40187020143081
1700174540,28940.10174689747,28947.016196800843,28938.220681465664,28942.835105254908,118.77757065473426
1700174600,28933.766232871854,28941.656387544277,28934.226332690225,28937.015228563767,96.74525435159109
1700174660,28959.26358717273,28962.853033739048,28957.87921587703,28959.67031622212,126.68462135878684
1700174720,28958.50817099159,28964.631493211415,28955.113348710544,28959.656879558148,230.44305319601395
1700174780,28933.143554227703,28933.002861432764,28930.89329280247,28932.836453583364,163.66475931771666
1700174840,28936.06879588984,28941.29903162995,28934.57910084456,28937.124833249232,217.76960199216947
1700174900,28959.832076451356,28964.745060103967,28959.87751010321,28960.460006756355,182.44110617837438
1700174960,28979.254521444396,28983.95455217271,28975.684045491304,28979.3710502189,116.17544637311623
1700175020,29001.06699429942,29003.733348972153,28997.840986898256,29001.342501683976,76.73389214330753
1700175080,28988.201534892614,28993.044159077504,28985.134159495105,28989.1053794594,102.43805291962074
1700175140,29000.639513080812,29001.026610206725,28998.42525164398,29000.05120821112,113.46627719639247
1700175200,28991.872267318435,28994.40292486017,28989.207007638946,28991.38727373428,110.00951388140442
1700175260,28990.664022499943,28995.8719722891,28993.237037969648,28994.078746527284,219.73185690975765
1700175320,28973.382223844714,28981.78418563572,28973.980793001927,28978.803317382408,218.81691743680904
1700175380,28973.47858210088,28974.447650739607,28970.639461466773,28971.069848203813,359.5135458375606
1700175440,28965.473830244202,28964.69023116918,28959.709821317076,28962.95488783545,109.34538382160743
1700175500,28975.65185685278,28974.81874269368,28970.211264224337,28973.737551197162,281.1755823521781
1700175560,28983.552757487276,28984.954620201494,28982.55749828894,28983.346180657198,280.4812512500793
1700175620,28984.876456387094,28989.987803634704,28984.841401380014,28986.668017409167,135.24588563015786
1700175680,28969.280454508407,28973.847331560868,28970.24732755869,28970.462960392502,179.36487856010132
1700175740,28966.379224911547,28970.429871865228,28963.940245897174,28966.72328718511,243.78661150778441
1700175800,28956.71201829588,28958.402572432657,28952.795198675674,28957.769889389794,144.95598591609414
1700175860,28969.590170783384,28972.2985854214,28966.056573686015,28968.205998470126,140.53313385415169
1700175920,28982.83246224744,28985.78495571164,28977.394175602072,28982.344216703936,115.47626737237242
1700175980,28995.061032833055,28995.173369119755,28994.389716617257,28995.020843736304,57.74198734684229
1700176040,28989.126643381045,28987.636199950477,28983.995938986962,28985.958210703302,152.65624769767433
1700176100,28955.406433645272,28955.41736951536,28948.573988385582,28953.083813235826,111.72631548014034
1700176160,28934.123402580823,28933.683357910202,28927.49679304998,28931.880270458267,96.53064768881359
1700176220,28947.411577747884,28949.526878636294,28947.321836305902,28948.939794195252,175.71733627194968
1700176280,28943.63402502627,28945.16146634594,28940.731682004574,28944.124734923415,83.05267986843415
1700176340,28933.893917104084,28935.238846478784,28930.68523864644,28935.11603950423,204.8815396013306
1700176400,28958.507273005074,28955.29334883223,28950.9935756947,28954.82796302547,180.0869385270603
1700176460,28972.97701574343,28971.34138295995,28966.867501386663,28970.009882371327,126.45957796456152
1700176520,28968.976836153855,28974.403118362545,28969.540388961566,28970.303267034367,144.70191949075658
1700176580,28972.33976922493,28969.415617491286,28966.417416478747,28966.7824299416,92.19552211846685
1700176640,28962.747956672643,28967.3197048413,28962.124104488757,28965.19721538784,200.3639456996263
1700176700,28971.569803255534,28971.233983688282,28965.421790640044,28967.92316896849,159.96350515260752
1700176760,28985.437046560473,28989.83128914595,28985.933553045666,28987.123736344325,164.8012136510704
1700176820,28993.970514684686,28992.85091506895,28990.729496460375,28992.19334543517,181.4093630553736
1700176880,28998.8078864013,29002.018810650763,28998.945257945634,29000.905693831643,114.78190327054767
1700176940,29008.52061331265,29016.049546945436,29012.45933087987,29014.936935140482,80.832304195929
1700177000,29005.447178388433,29003.90058569125,28998.94952828275,29000.90082312819,217.65850635628365
1700177060,29008.568411542157,29012.267287668823,29008.02270747745,29009.959165837878,195.48572628791723
1700177120,29010.04066620913,29008.362266094744,29005.845676725385,29006.42434078194,119.80392866704722
1700177180,28975.37766058823,28979.014394297075,28971.90324634139,28976.231198432666,174.80028255229394
1700177240,28951.106708255942,28955.54374285775,28947.647393519946,28950.693163928838,245.47359255638733
1700177300,28938.21618794569,28940.046719870894,28937.745241667602,28938.475752590613,234.03725714065388
1700177360,28946.67380388638,28947.451408501893,28942.731059319336,28944.850431333725,118.41275745576266
1700177420,28944.654943898815,28948.61787619603,28944.132446557658,28946.216026117807,81.81786201610898
1700177480,28951.325142279853,28952.011641762645,28945.425322211468,28948.428426603914,87.62917094468862
1700177540,28969.356473870357,28975.491199736072,28968.79540030691,28971.839748396156,131.0147084074542
1700177600,28957.429173631055,28960.256026624902,28953.384562332936,28956.610673017836,266.3807971545251
1700177660,28959.08685412244,28957.289070667328,28952.791957480917,28956.281472767634,110.89921713605611
1700177720,28956.744825394715,28962.180164723202,28959.41792881075,28959.934699041398,116.91753518322268
1700177780,28951.234106948556,28955.155295098084,28949.574810640075,28951.09942164294,115.95887017234547
1700177840,28947.62407064305,28953.346993436637,28951.35260348807,28951.439342583933,119.97791467688741
1700177900,28929.797238316296,28937.161226161374,28929.96674301452,28932.239950574924,147.748168809541
1700177960,28950.755116591794,28950.982758891183,28947.01167479307,28949.15882518222,88.94159605122536
1700178020,28941.14943015373,28943.467784688568,28937.30781590096,28940.97945055186,229.0050332409403
1700178080,28965.114176649873,28967.72888050321,28964.52066779616,28965.3562525292,140.06009335965297
1700178140,28961.91395424222,28967.13487965454,28961.809088356564,28964.96656064219,400.07572027890717
1700178200,28976.428168000246,28981.53136026858,28975.76973243733,28977.30320342698,92.81159708568684
1700178260,28976.310983756895,28977.439945186827,28974.753986625037,28976.663568999087,280.3241097965834
1700178320,28976.694402186156,28979.132966544028,28972.6982087001,28976.29464301196,258.9249261337966
1700178380,28969.387405085006,28972.379298900076,28968.92855077043,28969.286291013297,125.87966317899604
1700178440,28968.106593994333,28974.971884706036,28969.001863721034,28970.71577816569,126.71947113887582
1700178500,28974.524351797067,28977.57776329829,28972.57514634796,28974.53176249866,102.6659869378214
1700178560,28965.910654934272,28969.920762130616,28961.541913832418,28965.120660391676,103.13836434472977
1700178620,28964.749141732587,28967.980965962663,28962.624005326004,28963.62012740136,148.37719109357636
1700178680,28957.406471316346,28958.04264075044,28951.56187604022,28956.298941008674,149.64688123668412
1700178740,28986.69910183614,28988.194442070508,28978.906100080083,28983.894909844053,78.18344256468758
1700178800,28984.318891221763,28987.610529675578,28978.723589901012,28982.81814060511,371.44549201080355
1700178860,28998.36408587417,29002.646912330092,28999.862363918153,29001.36092642547,133.77954480690136
1700178920,28999.426656976913,29002.064502489102,28995.694125185415,28999.013458455778,152.35981248707867
1700178980,29000.716086817087,29003.533929715908,29001.70916999571,29002.124910154198,115.5270875415506
1700179040,28991.22605433026,28989.516377689866,28981.912144715923,28986.268541294456,133.37919800969271
1700179100,28979.76704757411,28981.371884214775,28978.32370583574,28980.90367019204,128.61825525524398
1700179160,28983.752791650248,28987.101026350858,28982.54789040991,28983.43008624151,148.23929551965335
1700179220,29003.42501225881,29004.561231356005,29000.82504941522,29002.46213221303,147.5495476772866
1700179280,29004.764005630303,29008.062461438527,29001.122211822705,29005.125925545144,204.78211073357895
1700179340,29022.722220387088,29021.85988189208,29017.379436042327,29021.730569879463,162.5341242062861
1700179400,29033.667069041676,29032.89652647795,29026.820752267224,29029.419319201897,196.70658617009477
1700179460,29047.103639393128,29051.42809204615,29046.54657777392,29048.948135275474,147.83187839384627
1700179520,29047.753593545116,29051.36588370625,29044.485954935048,29048.239628667812,162.79651098494125
1700179580,29077.55018610513,29078.500641057515,29072.79135308304,29076.922301195635,134.757615899502
1700179640,29073.029917504806,29071.826647627768,29067.273312698682,29071.097546760662,221.68217096284735
1700179700,29064.839719782507,29064.077149460274,29059.97786449912,29061.900004750292,168.85645441035285
1700179760,29046.931585139886,29052.099266160454,29044.169741745976,29047.379370554023,139.31952808175083
1700179820,29072.12478469227,29076.49063674599,29071.064867071367,29075.35166661272,137.66675503307653
1700179880,29084.77870453065,29088.56423254431,29084.426234313898,29085.185037484134,142.06777940887224
1700179940,29083.941111895758,29081.424806403742,29079.234905257996,29081.17558868357,150.23151979393072
